{"config":{"arm":"baseline","loss":"ce","epochs":160,"batch":128,"lr":0.1,"weight_decay":0.0,"seed":1,"smoke":false},"metrics":{"ep_train_loss":[1.6959,1.1722,0.88631,0.70897,0.60157,0.52386,0.46849,0.42189,0.38354,0.35254,0.32597,0.3005,0.28199,0.26026,0.23817,0.22132,0.20607,0.19282,0.17867,0.16892,0.15569,0.14548,0.13455,0.12794,0.12046,0.11291,0.10443,0.10118,0.09373,0.089342,0.082711,0.080351,0.076816,0.070786,0.064697,0.063694,0.059377,0.056063,0.055784,0.04677,0.050639,0.045687,0.043992,0.041686,0.04138,0.036503,0.038711,0.035512,0.033083,0.034361,0.029662,0.033136,0.029625,0.028189,0.025351,0.026751,0.026184,0.029641,0.023352,0.022407,0.023873,0.021719,0.022466,0.02102,0.02061,0.019635,0.018513,0.018257,0.017952,0.014631,0.017963,0.019954,0.017351,0.016358,0.016708,0.013831,0.0138,0.012306,0.013569,0.011443,0.0065043,0.0046719,0.0036339,0.0031663,0.0024175,0.0023271,0.0025129,0.0016347,0.0020835,0.0016256,0.001887,0.0015261,0.0014557,0.0013345,0.0014532,0.0012056,0.0013217,0.0016438,0.00099751,0.0011723,0.0014997,0.0010547,0.00084226,0.00094411,0.00091888,0.00086444,0.00091693,0.00093862,0.00094914,0.0010048,0.00095628,0.00092152,0.0008188,0.00086864,0.0010633,0.0011347,0.00079826,0.0011329,0.00055579,0.00085888,0.00075951,0.0005025,0.00063976,0.00070467,0.00058341,0.00061536,0.00057898,0.00068193,0.00055848,0.00054861,0.00055553,0.00050209,0.00075504,0.00065822,0.00053193,0.00071456,0.00060594,0.00054336,0.00059848,0.00065385,0.00060495,0.00091822,0.00075884,0.00047766,0.00075539,0.00063923,0.00053523,0.00072427,0.00069104,0.00060412,0.00063587,0.00052738,0.00050521,0.00057623,0.00073312,0.00062221,0.00065303,0.00056866,0.00054567,0.00069178],"ep_train_err":[0.62228,0.4235,0.3143,0.24718,0.20851,0.18027,0.16124,0.14661,0.13269,0.12316,0.11424,0.10439,0.098478,0.091807,0.083954,0.077324,0.071835,0.067027,0.063121,0.059115,0.054107,0.051022,0.047356,0.045893,0.042308,0.039303,0.03732,0.035477,0.034115,0.031991,0.028746,0.028305,0.026442,0.02494,0.022736,0.022656,0.020252,0.019671,0.019491,0.016026,0.018149,0.015765,0.016306,0.014924,0.014383,0.012901,0.013822,0.011859,0.011458,0.011418,0.010096,0.011158,0.010296,0.0099359,0.008754,0.0095152,0.0092748,0.009996,0.0082131,0.0076522,0.0084736,0.0073518,0.0077925,0.0073718,0.006871,0.0070513,0.0063702,0.0064503,0.00625,0.0048478,0.0063902,0.006851,0.0057692,0.0055889,0.0057091,0.0047877,0.0049679,0.0041667,0.0046875,0.0038862,0.0020833,0.0014623,0.0010817,0.0010216,0.00064103,0.00062099,0.00068109,0.00038061,0.00060096,0.00048077,0.00042067,0.00032051,0.00042067,0.00042067,0.00030048,0.00034054,0.00044071,0.00062099,0.00026042,0.00032051,0.00034054,0.00036058,0.00014022,0.00018029,0.00022035,0.00020032,0.00024038,0.00022035,0.00026042,0.00028045,0.00028045,0.00020032,0.00016026,0.00020032,0.00028045,0.00034054,0.00018029,0.00038061,6.0096e-05,0.00030048,0.00016026,6.0096e-05,0.00018029,0.00016026,0.00014022,0.00010016,0.00010016,0.00016026,0.00010016,0.00010016,8.0128e-05,6.0096e-05,0.00018029,0.00022035,6.0096e-05,0.00014022,0.00014022,0.00018029,0.00012019,0.00014022,0.00012019,0.00028045,0.00018029,6.0096e-05,0.00018029,0.00016026,0.00016026,0.00018029,0.00012019,0.00018029,0.00018029,0.00010016,8.0128e-05,0.00010016,0.00022035,0.00010016,0.00020032,6.0096e-05,0.00018029,0.00016026],"ep_test_acc":[0.4871,0.6431,0.709,0.7523,0.7549,0.7987,0.8114,0.8447,0.838,0.8639,0.8669,0.8667,0.8705,0.8631,0.8848,0.8789,0.8885,0.8607,0.8848,0.8874,0.882,0.902,0.8975,0.8966,0.8977,0.8964,0.9011,0.9043,0.9004,0.9065,0.9078,0.9026,0.8917,0.9084,0.9118,0.9063,0.8969,0.9018,0.9072,0.9139,0.9045,0.9085,0.9138,0.9082,0.9148,0.912,0.9124,0.9118,0.9076,0.9089,0.92,0.9134,0.9146,0.9152,0.9129,0.9153,0.9156,0.9169,0.9167,0.9164,0.9173,0.9162,0.919,0.9198,0.9178,0.917,0.9217,0.9185,0.9212,0.9189,0.9102,0.9149,0.9208,0.9184,0.9221,0.9199,0.9199,0.9196,0.9175,0.9224,0.928,0.9287,0.9294,0.93,0.9298,0.9306,0.9303,0.9313,0.9308,0.9316,0.9307,0.9311,0.9326,0.9331,0.9328,0.9324,0.9339,0.9335,0.9336,0.933,0.9335,0.9326,0.9329,0.9329,0.933,0.9336,0.9332,0.934,0.9333,0.9343,0.9339,0.9349,0.9342,0.9327,0.9339,0.9343,0.9342,0.9341,0.9345,0.9342,0.9335,0.9344,0.9333,0.9343,0.9335,0.9345,0.9343,0.9343,0.935,0.9343,0.9344,0.9356,0.9352,0.9348,0.9341,0.9352,0.9355,0.9343,0.934,0.934,0.9357,0.9345,0.9351,0.9348,0.9347,0.9346,0.9346,0.9351,0.9334,0.935,0.9339,0.9348,0.9351,0.9344,0.9343,0.9346,0.9346,0.9343,0.9342,0.935],"ep_test_ece":[0.081039,0.063662,0.05204,0.045712,0.059902,0.048201,0.051443,0.029627,0.037655,0.025382,0.023636,0.033828,0.029431,0.042418,0.03351,0.045634,0.034891,0.066426,0.044426,0.040387,0.055057,0.041214,0.043167,0.044445,0.048461,0.05428,0.048265,0.046194,0.052205,0.048699,0.049548,0.053986,0.063713,0.05216,0.049793,0.053638,0.066335,0.062143,0.05749,0.05506,0.061596,0.057536,0.053924,0.060429,0.05654,0.05769,0.058199,0.058685,0.064534,0.063566,0.05482,0.058262,0.059882,0.059205,0.060961,0.060445,0.061469,0.057819,0.06018,0.059774,0.059354,0.059582,0.057537,0.056473,0.05891,0.058662,0.055316,0.059629,0.055761,0.058708,0.065774,0.061871,0.058247,0.060046,0.057268,0.058827,0.058808,0.059968,0.060988,0.056123,0.052895,0.053979,0.052989,0.052805,0.053407,0.052355,0.053169,0.05217,0.053105,0.052412,0.053401,0.052981,0.051777,0.051958,0.051928,0.052604,0.051422,0.051544,0.051707,0.05252,0.052063,0.052863,0.052229,0.052081,0.05228,0.051557,0.052011,0.051752,0.052093,0.052212,0.051296,0.051038,0.051007,0.052636,0.051233,0.050909,0.051857,0.051248,0.050509,0.051531,0.052058,0.050899,0.052571,0.051266,0.051942,0.050844,0.05142,0.052582,0.05043,0.051516,0.051051,0.050885,0.050127,0.050779,0.051228,0.051168,0.050178,0.05084,0.051752,0.051797,0.050813,0.050946,0.050832,0.050578,0.050817,0.050722,0.050904,0.050515,0.05214,0.05072,0.051549,0.051346,0.050654,0.051024,0.0514,0.05091,0.051753,0.050989,0.051505,0.050751],"ep_rho_logit":[0.27356,0.22804,0.18925,0.20091,0.22718,0.21622,0.24258,0.29552,0.21662,0.19368,0.21909,0.21667,0.2707,0.29081,0.31283,0.32667,0.26779,0.30803,0.24625,0.27282,0.24197,0.20528,0.22886,0.22152,0.22137,0.32616,0.21979,0.19725,0.19784,0.21604,0.25699,0.20934,0.21499,0.22399,0.25396,0.22125,0.20224,0.19492,0.19986,0.25208,0.20302,0.20971,0.18877,0.19899,0.212,0.21528,0.18254,0.24307,0.22317,0.17852,0.28025,0.20108,0.24793,0.19548,0.20966,0.19018,0.23725,0.20754,0.20213,0.19143,0.18765,0.18475,0.19233,0.1963,0.20641,0.16802,0.1873,0.19558,0.17919,0.2343,0.17439,0.18362,0.19289,0.16052,0.17887,0.19765,0.19363,0.25018,0.16779,0.18791,0.18346,0.21251,0.29896,0.23973,0.27341,0.2202,0.28835,0.22741,0.17226,0.19241,0.30158,0.21476,0.2677,0.37201,0.33237,0.24292,0.17638,0.17837,0.18724,0.19954,0.21744,0.30663,0.25287,0.23871,0.31895,0.21247,0.22541,0.21014,0.23166,0.22984,0.27326,0.17353,0.20492,0.19698,0.15388,0.16295,0.19878,0.15624,0.22336,0.19922,0.1868,0.19637,0.28435,0.17175,0.24861,0.1782,0.16765,0.23679,0.23977,0.18475,0.28789,0.25047,0.13376,0.15201,0.17437,0.22945,0.18249,0.2142,0.20006,0.21122,0.2011,0.33069,0.22394,0.2254,0.21216,0.22819,0.272,0.21435,0.14016,0.18936,0.27152,0.30721,0.25515,0.21426,0.24358,0.2908,0.17205,0.15228,0.16221],