{"config":{"arm":"baseline","loss":"ce","epochs":160,"batch":128,"lr":0.1,"weight_decay":0.0,"seed":0,"smoke":false},"metrics":{"ep_train_loss":[2.1525,1.5478,1.3141,1.1074,0.94917,0.84986,0.76132,0.68577,0.61692,0.56456,0.49944,0.46539,0.4287,0.3984,0.36818,0.33607,0.31199,0.29234,0.27285,0.2545,0.24143,0.22079,0.20615,0.18837,0.17711,0.16859,0.15679,0.14769,0.13666,0.1258,0.12124,0.11617,0.10679,0.10036,0.093682,0.089176,0.081339,0.07422,0.077659,0.073094,0.067703,0.063847,0.055444,0.05417,0.053674,0.052531,0.04687,0.050265,0.043052,0.043749,0.040849,0.035305,0.039277,0.038348,0.033565,0.02842,0.036204,0.032004,0.024649,0.026207,0.030749,0.027061,0.028066,0.025024,0.023249,0.022473,0.020034,0.022041,0.02236,0.017911,0.021233,0.021809,0.021387,0.017354,0.017672,0.016537,0.017399,0.018538,0.017346,0.015318,0.0095795,0.0060759,0.0047689,0.0039123,0.0035881,0.003462,0.0032343,0.0025798,0.0025801,0.0024622,0.00252,0.0022089,0.0022381,0.0021764,0.0021593,0.002052,0.0019418,0.00186,0.0016345,0.0016762,0.001636,0.0017102,0.0014538,0.0015679,0.0014737,0.0015114,0.0015371,0.0015528,0.0013771,0.0013913,0.001176,0.0013449,0.0013005,0.0010936,0.0012958,0.0013567,0.0011318,0.0011774,0.0012449,0.00098045,0.0013828,0.0010138,0.00097184,0.0011001,0.0011373,0.00096528,0.00092152,0.001005,0.00099377,0.0011232,0.00088782,0.0010726,0.00085558,0.001041,0.0008913,0.00098034,0.00095412,0.0010346,0.00080264,0.0010417,0.0010821,0.0010451,0.00097807,0.0010596,0.0010906,0.0012127,0.00091184,0.00093338,0.0010005,0.0009539,0.00098852,0.0011007,0.00092554,0.00094481,0.00096902,0.0010695,0.00097225,0.00099949,0.0011816,0.00094219],"ep_train_err":[0.76188,0.57556,0.47895,0.39744,0.33778,0.30158,0.26799,0.24117,0.21488,0.197,0.17402,0.16258,0.15056,0.14058,0.12915,0.11893,0.10942,0.10323,0.096775,0.090064,0.085236,0.078746,0.072556,0.065705,0.063942,0.059095,0.055429,0.052804,0.049199,0.045453,0.042568,0.041426,0.038361,0.035937,0.033393,0.031611,0.028706,0.026382,0.027504,0.026542,0.024018,0.022736,0.019712,0.01895,0.01867,0.01861,0.016226,0.017167,0.015184,0.015545,0.014303,0.01264,0.013361,0.012901,0.011719,0.0095753,0.01262,0.010617,0.0085737,0.0087139,0.010897,0.0096955,0.0095753,0.0088341,0.0082732,0.0077324,0.0067909,0.0078926,0.0078125,0.0061298,0.0074319,0.0069511,0.0075521,0.0056891,0.0060296,0.0055889,0.005629,0.0065905,0.0060296,0.0052684,0.0030048,0.0017829,0.001262,0.0010817,0.00078125,0.00086138,0.00076122,0.00058093,0.00076122,0.0005609,0.00068109,0.00036058,0.00062099,0.00044071,0.00052083,0.00044071,0.00038061,0.00048077,0.00036058,0.00026042,0.00046074,0.00048077,0.00020032,0.00034054,0.00038061,0.00036058,0.00032051,0.00040064,0.00020032,0.00020032,0.00016026,0.00028045,0.00016026,0.00022035,0.00030048,0.00030048,0.00024038,0.00018029,0.00020032,0.00012019,0.00034054,0.00022035,8.0128e-05,0.00016026,0.00018029,0.00018029,8.0128e-05,0.00018029,0.00016026,0.00022035,0.00014022,0.00026042,4.0064e-05,0.00012019,8.0128e-05,0.00018029,0.00012019,0.00020032,8.0128e-05,0.00014022,0.00024038,0.00016026,0.00020032,0.00024038,0.00020032,0.00024038,0.00010016,0.00010016,0.00016026,0.00014022,0.00024038,0.00022035,0.00018029,0.00016026,0.00024038,0.00020032,0.00024038,0.00012019,0.00032051,0.00022035],"ep_test_acc":[0.3918,0.4914,0.5595,0.6287,0.6231,0.7032,0.7235,0.7731,0.7724,0.7875,0.803,0.8275,0.8231,0.8064,0.8395,0.8504,0.8531,0.8557,0.8592,0.8733,0.871,0.8636,0.8773,0.8697,0.8751,0.88,0.8818,0.8888,0.8788,0.8884,0.8815,0.8865,0.8898,0.8836,0.8869,0.8933,0.8888,0.89,0.8921,0.8945,0.8896,0.8939,0.9022,0.8997,0.9019,0.9029,0.8965,0.9018,0.8994,0.8988,0.8999,0.9045,0.9011,0.9039,0.9019,0.9072,0.9046,0.9058,0.903,0.9018,0.9053,0.9069,0.9051,0.905,0.9095,0.8986,0.9084,0.9053,0.9072,0.9075,0.9073,0.9116,0.9084,0.9112,0.9024,0.9075,0.904,0.9085,0.9061,0.9075,0.9192,0.92,0.9199,0.9202,0.9207,0.9216,0.9212,0.9227,0.9224,0.9233,0.9222,0.9217,0.921,0.9224,0.9223,0.9228,0.9231,0.9225,0.9234,0.9226,0.9229,0.9222,0.9228,0.9229,0.9227,0.9233,0.9226,0.9223,0.9233,0.9243,0.9235,0.9233,0.9235,0.9237,0.9235,0.9242,0.9246,0.9248,0.9247,0.9241,0.9237,0.9241,0.9241,0.9243,0.924,0.9245,0.9242,0.9243,0.9238,0.9245,0.924,0.9245,0.9245,0.9247,0.9238,0.9251,0.9244,0.9248,0.9245,0.9248,0.9251,0.9249,0.9244,0.9248,0.9242,0.9235,0.9244,0.9251,0.9236,0.9236,0.9243,0.9245,0.9246,0.9245,0.9242,0.9244,0.9242,0.924,0.9244,0.9248],"ep_test_ece":[0.014321,0.0208,0.037628,0.024554,0.10492,0.040869,0.056794,0.041456,0.040631,0.044462,0.046822,0.023063,0.025661,0.060971,0.041377,0.034921,0.041061,0.041831,0.045319,0.041147,0.043682,0.056659,0.044753,0.058763,0.051368,0.05001,0.052132,0.046759,0.059257,0.057228,0.061418,0.059633,0.056253,0.064565,0.061118,0.057391,0.066984,0.066638,0.0632,0.063178,0.066627,0.067108,0.058562,0.06228,0.059479,0.060973,0.066618,0.062242,0.066209,0.066658,0.065671,0.065441,0.067969,0.06331,0.067006,0.064531,0.064445,0.063953,0.06768,0.069315,0.065753,0.064136,0.065135,0.066952,0.065196,0.072291,0.06537,0.067498,0.065668,0.065722,0.067215,0.061627,0.065177,0.064021,0.071254,0.067725,0.068752,0.066704,0.069874,0.067674,0.05885,0.058241,0.058186,0.057924,0.057381,0.057389,0.057932,0.05641,0.057264,0.057033,0.058053,0.058239,0.059496,0.057829,0.057386,0.057759,0.057078,0.05789,0.056931,0.05769,0.05751,0.058137,0.058018,0.058504,0.058336,0.057216,0.05817,0.058224,0.057547,0.056786,0.057721,0.058177,0.057763,0.057723,0.057938,0.057214,0.057126,0.057273,0.057122,0.057524,0.057923,0.057637,0.057868,0.057588,0.057644,0.057031,0.057703,0.057138,0.057968,0.057565,0.0574,0.057564,0.057319,0.058005,0.057956,0.056757,0.05695,0.056933,0.057211,0.057235,0.056918,0.05689,0.057118,0.056831,0.057302,0.058353,0.057258,0.057217,0.057909,0.058176,0.057607,0.057565,0.057053,0.05734,0.057619,0.057908,0.057329,0.057634,0.057419,0.057084],"ep_rho_logit":[0.26869,0.25133,0.26929,0.21914,0.21203,0.2273,0.24477,0.18383,0.25169,0.20926,0.23608,0.25196,0.2208,0.17398,0.22572,0.2198,0.22479,0.23862,0.21957,0.22092,0.29096,0.25807,0.16144,0.24413,0.26187,0.21436,0.22807,0.24751,0.22863,0.24038,0.2269,0.24433,0.22703,0.23763,0.19712,0.19348,0.19264,0.23757,0.17028,0.17252,0.1848,0.17267,0.18978,0.17887,0.19755,0.1533,0.18006,0.19476,0.17926,0.18615,0.19603,0.22573,0.19051,0.18003,0.20223,0.2084,0.18869,0.1928,0.1679,0.18034,0.21897,0.20268,0.17871,0.19385,0.2152,0.208,0.18734,0.2322,0.18192,0.20988,0.20731,0.20988,0.16597,0.19358,0.20276,0.16954,0.20916,0.17725,0.19645,0.18037,0.19584,0.20009,0.16827,0.20701,0.18606,0.2537,0.21789,0.26789,0.17853,0.18605,0.22159,0.19931,0.14774,0.20102,0.20422,0.25967,0.17245,0.1693,0.15735,0.21133,0.27619,0.2002,0.17828,0.20873,0.15972,0.15903,0.18987,0.23298,0.21699,0.22675,0.23414,0.23113,0.22707,0.24941,0.17143,0.30935,0.21424,0.18709,0.21322,0.21767,0.1973,0.20408,0.19741,0.14515,0.21779,0.20889,0.19321,0.18661,0.16809,0.26091,0.26247,0.22813,0.19337,0.17255,0.21552,0.29614,0.28376,0.30009,0.29355,0.1901,0.16069,0.31072,0.29201,0.30204,0.2811,0.25418,0.21027,0.20688,0.1798,0.20588,0.25608,0.29529,0.2661,0.17249,0.18476,0.15745,0.24856,0.21962,0.2513],