{"config":{"arm":"baseline","loss":"ce","epochs":160,"batch":128,"lr":0.1,"weight_decay":0.0,"seed":2,"smoke":false},"metrics":{"ep_train_loss":[1.9599,1.4075,1.152,0.94253,0.77231,0.65138,0.56989,0.5032,0.45784,0.41051,0.38381,0.34775,0.32247,0.30215,0.28042,0.26051,0.24287,0.22302,0.20909,0.19474,0.18359,0.1716,0.15925,0.15258,0.14485,0.13136,0.12375,0.11673,0.11296,0.10254,0.093721,0.091683,0.084112,0.081573,0.077271,0.073277,0.069186,0.064275,0.060131,0.057274,0.05392,0.055743,0.053683,0.051457,0.04609,0.044717,0.042039,0.039662,0.039724,0.036927,0.034275,0.032308,0.03379,0.03803,0.026171,0.029906,0.028886,0.027836,0.026683,0.026495,0.026236,0.024076,0.020623,0.026175,0.020577,0.019833,0.021148,0.021222,0.018171,0.018297,0.016462,0.018107,0.015542,0.017847,0.020777,0.013202,0.014114,0.019305,0.017452,0.012882,0.0069074,0.0041222,0.0036552,0.0034,0.0031104,0.0025147,0.0024452,0.0021207,0.0021971,0.0022153,0.0020395,0.0019595,0.0017166,0.001786,0.0015388,0.0015203,0.0012429,0.0014049,0.0013123,0.0014299,0.0011821,0.0015186,0.0012644,0.0013494,0.0011644,0.0011701,0.00090895,0.0010951,0.0013033,0.0010051,0.0011148,0.001197,0.0011263,0.0011229,0.0010638,0.00083622,0.00084183,0.00098712,0.00073675,0.0011105,0.00096591,0.00083556,0.00087316,0.00073821,0.00089179,0.00077897,0.00084256,0.00081566,0.00092707,0.00082962,0.0009113,0.00072177,0.00084062,0.00073297,0.00077478,0.00076694,0.00066664,0.00070455,0.00062656,0.00068938,0.00065908,0.00085048,0.00073831,0.0008001,0.00081743,0.00060358,0.00070901,0.00063425,0.0007268,0.0006554,0.00056906,0.00082041,0.00065459,0.00088415,0.00097314,0.00079344,0.0008358,0.0006993,0.00072095,0.00071029],"ep_train_err":[0.7123,0.51897,0.41637,0.33405,0.27145,0.2251,0.19854,0.174,0.15843,0.14259,0.13331,0.12013,0.11396,0.10525,0.097075,0.090425,0.085657,0.077845,0.072716,0.069251,0.064824,0.060697,0.05635,0.054788,0.051703,0.046334,0.04347,0.040645,0.039824,0.036178,0.032512,0.032833,0.029267,0.028766,0.027644,0.027043,0.02472,0.023017,0.021695,0.019872,0.01881,0.019852,0.01903,0.01863,0.016066,0.015244,0.014844,0.014183,0.013962,0.0127,0.011579,0.011639,0.0122,0.012941,0.0092348,0.010176,0.009996,0.0097756,0.0090745,0.0092147,0.008774,0.0082131,0.0070112,0.0092548,0.0067107,0.0070513,0.0071915,0.0074519,0.0058694,0.0064303,0.0059495,0.0061498,0.0054888,0.0064503,0.0071514,0.0044071,0.0051282,0.0063101,0.0061899,0.0042668,0.0022837,0.0011819,0.0010417,0.0010016,0.00092147,0.00074119,0.00076122,0.00042067,0.00064103,0.00066106,0.00046074,0.00048077,0.00036058,0.00052083,0.00036058,0.00036058,0.00018029,0.00032051,0.00034054,0.00036058,0.00020032,0.00032051,0.00028045,0.00028045,0.00030048,0.00016026,0.00012019,0.00030048,0.00028045,0.00016026,0.00030048,0.00036058,0.00028045,0.00030048,0.00030048,0.00014022,0.00012019,0.00022035,0.00012019,0.00028045,0.00026042,0.00022035,0.00014022,0.00014022,0.00020032,0.00012019,0.00022035,0.00014022,0.00028045,0.00018029,0.00024038,0.00012019,0.00020032,0.00014022,0.00012019,0.00014022,0.00012019,0.00014022,0.00012019,8.0128e-05,0.00012019,0.00016026,0.00010016,0.00016026,0.00016026,4.0064e-05,0.00012019,0.00010016,0.00014022,0.00010016,2.0032e-05,0.00018029,6.0096e-05,0.00018029,0.00034054,0.00016026,0.00020032,8.0128e-05,0.00012019,8.0128e-05],"ep_test_acc":[0.4293,0.5035,0.6306,0.6975,0.7446,0.762,0.7924,0.7985,0.8308,0.8429,0.8508,0.8609,0.8575,0.8606,0.8703,0.8762,0.8763,0.8838,0.8877,0.8849,0.8817,0.8799,0.8754,0.8957,0.8946,0.8903,0.888,0.8771,0.8967,0.8901,0.8973,0.898,0.8965,0.8992,0.9018,0.8996,0.9081,0.9003,0.9113,0.9102,0.9082,0.9103,0.9097,0.9069,0.9096,0.9112,0.9147,0.909,0.9091,0.9134,0.9092,0.9138,0.906,0.9099,0.9151,0.9128,0.9162,0.9146,0.915,0.9139,0.9136,0.9185,0.9209,0.9124,0.9216,0.9104,0.9144,0.9192,0.9165,0.9191,0.916,0.9179,0.9232,0.9194,0.9186,0.9206,0.92,0.913,0.9172,0.9219,0.928,0.9293,0.9293,0.9283,0.9298,0.9291,0.93,0.9297,0.9299,0.9294,0.9293,0.9297,0.9303,0.9311,0.9309,0.9302,0.9299,0.9289,0.9297,0.9298,0.9304,0.9305,0.9306,0.9297,0.9301,0.9297,0.9295,0.9304,0.9305,0.931,0.9297,0.93,0.9314,0.9302,0.9306,0.9303,0.9305,0.9301,0.9303,0.9295,0.9302,0.9297,0.9296,0.9309,0.9295,0.9306,0.9292,0.93,0.9296,0.9296,0.9297,0.9305,0.9292,0.9302,0.9306,0.9295,0.9295,0.9297,0.9292,0.93,0.9297,0.9299,0.9302,0.9308,0.9307,0.9302,0.9298,0.9301,0.9311,0.9305,0.9298,0.9308,0.9301,0.9299,0.9293,0.9306,0.9301,0.9301,0.9306,0.9303],"ep_test_ece":[0.045172,0.01144,0.035824,0.033644,0.022438,0.052497,0.04006,0.036923,0.03957,0.030962,0.036228,0.025727,0.043863,0.03576,0.032529,0.035024,0.034039,0.042671,0.042574,0.043163,0.044314,0.053858,0.057155,0.043338,0.045252,0.051444,0.058945,0.065333,0.046752,0.060015,0.052602,0.056747,0.05555,0.059526,0.056704,0.060773,0.056603,0.063026,0.052473,0.054506,0.057607,0.055398,0.057233,0.057746,0.055166,0.058973,0.054872,0.059522,0.060059,0.059272,0.063338,0.058263,0.064514,0.059873,0.06025,0.059497,0.057952,0.058877,0.059548,0.059519,0.061731,0.057108,0.056421,0.062275,0.05452,0.06467,0.061827,0.05811,0.061159,0.059022,0.060279,0.059215,0.054253,0.059094,0.058407,0.058923,0.059034,0.063899,0.059799,0.056567,0.052876,0.052273,0.051813,0.052762,0.052417,0.052772,0.052255,0.052919,0.052527,0.053211,0.053781,0.053262,0.052695,0.051282,0.052225,0.052936,0.052969,0.05452,0.053409,0.053359,0.053005,0.053312,0.052484,0.053457,0.053671,0.054388,0.054304,0.053854,0.053274,0.053226,0.05432,0.054468,0.053243,0.054521,0.053606,0.05392,0.05338,0.054014,0.054276,0.05509,0.053869,0.054557,0.054552,0.053995,0.054884,0.053834,0.055406,0.054305,0.054688,0.054602,0.054294,0.054004,0.054886,0.054939,0.053553,0.0549,0.054904,0.055033,0.05542,0.054579,0.054781,0.054755,0.054403,0.053972,0.053649,0.054337,0.054733,0.054774,0.053856,0.054125,0.054554,0.054171,0.054863,0.054731,0.055464,0.05423,0.054199,0.054445,0.053826,0.054142],"ep_rho_logit":[0.25348,0.26077,0.21294,0.24991,0.21847,0.18826,0.27857,0.25885,0.30202,0.24098,0.21101,0.20659,0.19502,0.26142,0.24649,0.24146,0.21541,0.24433,0.26473,0.20899,0.22807,0.27119,0.21556,0.2176,0.1966,0.22726,0.2419,0.26317,0.20235,0.18913,0.19869,0.262,0.1815,0.22472,0.17524,0.17702,0.17974,0.20064,0.24064,0.18358,0.20963,0.22962,0.20696,0.20787,0.18762,0.21208,0.17787,0.17749,0.18234,0.18362,0.17882,0.19236,0.22223,0.19287,0.25114,0.17579,0.19968,0.14595,0.1825,0.20542,0.1529,0.16783,0.22901,0.15184,0.17643,0.19052,0.18944,0.17115,0.166,0.19645,0.17648,0.16473,0.19441,0.18675,0.14834,0.16824,0.18995,0.20369,0.19175,0.17626,0.18541,0.26887,0.17769,0.16399,0.2238,0.29239,0.18187,0.26653,0.25422,0.22012,0.17617,0.15617,0.17019,0.24229,0.20376,0.25215,0.25808,0.14468,0.29429,0.28463,0.20379,0.28499,0.16378,0.18208,0.17814,0.19618,0.14016,0.17828,0.17271,0.22577,0.22178,0.16268,0.24449,0.22396,0.17655,0.20791,0.20779,0.29113,0.18756,0.18711,0.15342,0.17663,0.17556,0.19573,0.2253,0.13617,0.18748,0.20931,0.28194,0.15913,0.18761,0.21678,0.15216,0.1696,0.14371,0.14888,0.22919,0.25252,0.16159,0.1658,0.15212,0.18873,0.16871,0.1964,0.12908,0.17727,0.19804,0.21689,0.3202,0.20972,0.17978,0.16887,0.28397,0.30464,0.31857,0.16461,0.20627,0.29751,0.25585],