{"config":{"arm":"focal","loss":"focal","gamma":3.0,"epochs":160,"batch":128,"lr":0.1,"weight_decay":0.0,"seed":2,"smoke":false},"metrics":{"ep_train_loss":[1.5665,0.94374,0.77051,0.64939,0.54887,0.4628,0.4045,0.3511,0.31163,0.26939,0.24463,0.21927,0.20331,0.18588,0.1703,0.15656,0.14266,0.13371,0.12249,0.11259,0.10472,0.096684,0.087667,0.080195,0.076425,0.071971,0.063618,0.059904,0.056266,0.051755,0.04865,0.046045,0.041752,0.038699,0.035864,0.034535,0.032384,0.02893,0.027342,0.025323,0.024684,0.023067,0.023179,0.020535,0.01937,0.018806,0.018053,0.017132,0.014282,0.015524,0.013555,0.013122,0.012057,0.012599,0.011894,0.010371,0.010159,0.010591,0.010742,0.010304,0.0083522,0.0081729,0.0095856,0.0085508,0.0089447,0.0073839,0.0074659,0.0065378,0.0060738,0.0064413,0.0061698,0.0062064,0.0054221,0.0056038,0.005703,0.004617,0.0054347,0.0053237,0.0045292,0.0045227,0.0027022,0.0020439,0.0016804,0.0015119,0.0015678,0.0012814,0.0012619,0.0011899,0.0011928,0.0012272,0.0010309,0.0010044,0.0010745,0.00086471,0.00087844,0.00088108,0.00087016,0.00079934,0.00088564,0.00090752,0.00084453,0.00075434,0.00078857,0.00076127,0.00085531,0.00078089,0.00066231,0.00075651,0.00071613,0.00065421,0.00061953,0.00070054,0.00068093,0.00062377,0.0005948,0.00057423,0.00054355,0.00058355,0.00054014,0.00053307,0.00053956,0.00051636,0.00061042,0.00054326,0.00054205,0.00057025,0.00055447,0.00054337,0.00059414,0.00063534,0.00058363,0.0006316,0.00055112,0.00056798,0.00054556,0.00056751,0.0005386,0.00051524,0.00053308,0.00053981,0.0005225,0.00055296,0.0005383,0.00057159,0.00053055,0.0004772,0.00055672,0.00050063,0.00048829,0.00050356,0.00056402,0.00050541,0.00045114,0.00050422,0.0004648,0.00050178,0.00049619,0.00062848,0.00047841,0.00052625],"ep_train_err":[0.799,0.61438,0.52384,0.45643,0.39415,0.34864,0.31436,0.28099,0.25817,0.22774,0.21316,0.19343,0.18712,0.17524,0.16354,0.15427,0.14365,0.13924,0.13167,0.12452,0.11607,0.11094,0.10495,0.098738,0.094331,0.090825,0.084495,0.081651,0.078185,0.073097,0.068109,0.066607,0.06266,0.059034,0.056571,0.053826,0.051522,0.045933,0.04383,0.041366,0.041546,0.039724,0.038361,0.034956,0.033313,0.032833,0.030188,0.028926,0.026542,0.027644,0.023698,0.023397,0.021254,0.021554,0.021334,0.01875,0.01855,0.01885,0.019311,0.018389,0.015825,0.015505,0.016867,0.014944,0.015785,0.014083,0.014203,0.01224,0.011418,0.012019,0.0125,0.011719,0.010437,0.010697,0.010256,0.0087139,0.0099159,0.0095753,0.0085938,0.0084736,0.005008,0.003746,0.003145,0.0026242,0.0026843,0.0022436,0.0019431,0.0021234,0.0022035,0.0019431,0.0019231,0.0016627,0.0020633,0.0017628,0.0015425,0.0015224,0.0015625,0.0012019,0.0016026,0.0014824,0.0015625,0.001262,0.0014423,0.0010817,0.0016226,0.0011018,0.0010016,0.0014623,0.0010016,0.00098157,0.0010817,0.00094151,0.0011418,0.00086138,0.00094151,0.00094151,0.0010216,0.00086138,0.00082131,0.0011018,0.00074119,0.00082131,0.0010216,0.00088141,0.00088141,0.00082131,0.0010817,0.0010417,0.00086138,0.0010817,0.00086138,0.0010417,0.00082131,0.00088141,0.00096154,0.00086138,0.00076122,0.00092147,0.00094151,0.0010016,0.00078125,0.00096154,0.00088141,0.0010216,0.00076122,0.00064103,0.00078125,0.00072115,0.00060096,0.00094151,0.00086138,0.00080128,0.00052083,0.00078125,0.00066106,0.00096154,0.00084135,0.00090144,0.00060096,0.00090144],"ep_test_acc":[0.327,0.4387,0.481,0.5955,0.6419,0.6615,0.6641,0.6975,0.7525,0.7645,0.7809,0.7869,0.7979,0.7902,0.8124,0.8185,0.8197,0.8377,0.8435,0.8424,0.8422,0.8344,0.8431,0.8494,0.8615,0.8586,0.8627,0.8626,0.8591,0.8611,0.8594,0.8658,0.863,0.8677,0.8655,0.8689,0.8591,0.8718,0.875,0.8779,0.8763,0.8774,0.8794,0.8797,0.8798,0.8781,0.881,0.8841,0.8838,0.8871,0.8898,0.8876,0.8844,0.8831,0.8916,0.8867,0.8897,0.8898,0.8867,0.8907,0.8911,0.8905,0.8892,0.8879,0.8911,0.8928,0.8879,0.8939,0.8966,0.895,0.8939,0.8921,0.8912,0.8914,0.899,0.8979,0.8956,0.8976,0.895,0.8982,0.9053,0.9058,0.9063,0.907,0.907,0.9077,0.9063,0.9066,0.9064,0.9068,0.9073,0.9065,0.9058,0.9064,0.9078,0.9078,0.9082,0.9066,0.9075,0.9093,0.9075,0.9082,0.9073,0.9071,0.9086,0.9086,0.9086,0.9075,0.908,0.9086,0.9084,0.9089,0.9086,0.9081,0.908,0.9086,0.9086,0.909,0.9083,0.909,0.9083,0.9082,0.9071,0.9081,0.908,0.9081,0.908,0.9082,0.9088,0.9082,0.9084,0.908,0.9082,0.9077,0.9085,0.9093,0.9084,0.909,0.9078,0.9076,0.9091,0.9084,0.9082,0.9086,0.9083,0.9074,0.9078,0.9076,0.9078,0.9081,0.9083,0.9087,0.9077,0.9087,0.9077,0.909,0.9085,0.9082,0.9086,0.9082],"ep_test_ece":[0.024669,0.048733,0.040736,0.11207,0.12583,0.11981,0.081526,0.10403,0.1168,0.12274,0.12731,0.11587,0.12246,0.11473,0.12804,0.094707,0.090327,0.088361,0.10849,0.096603,0.087154,0.0719,0.072919,0.072538,0.077778,0.070248,0.066207,0.054873,0.06127,0.054952,0.057722,0.04416,0.046685,0.043841,0.041939,0.034593,0.016833,0.024957,0.026973,0.03457,0.021549,0.017023,0.021904,0.017068,0.021462,0.01348,0.014256,0.014375,0.012943,0.010457,0.010454,0.010149,0.0070014,0.0077814,0.010043,0.0094738,0.012359,0.010153,0.0090234,0.008008,0.01015,0.010287,0.011451,0.010659,0.010757,0.013123,0.018887,0.014797,0.017854,0.01762,0.014472,0.020612,0.022614,0.020145,0.018136,0.01967,0.019396,0.018214,0.023901,0.019515,0.016158,0.017601,0.017307,0.019775,0.018604,0.018674,0.020614,0.020791,0.021002,0.021263,0.021721,0.022496,0.023684,0.023306,0.023063,0.022023,0.021863,0.024298,0.022519,0.022989,0.025319,0.02404,0.024673,0.026266,0.023592,0.025722,0.025309,0.025974,0.025047,0.02495,0.02607,0.025542,0.025577,0.025983,0.026683,0.026992,0.026579,0.026039,0.026926,0.02687,0.027634,0.027284,0.028337,0.026585,0.027569,0.02735,0.027719,0.027068,0.026438,0.027181,0.026859,0.027394,0.027288,0.027074,0.027273,0.026754,0.027636,0.027162,0.027627,0.028073,0.026136,0.026917,0.027934,0.027009,0.027194,0.028874,0.028442,0.027697,0.028208,0.02742,0.027039,0.026984,0.028489,0.026735,0.028714,0.028006,0.027262,0.028504,0.027992,0.027846],"ep_rho_logit":[0.27671,0.19202,0.25204,0.27851,0.26977,0.22354,0.22166,0.15791,0.16762,0.29573,0.2102,0.19069,0.29096,0.27727,0.28376,0.2694,0.18687,0.25054,0.19849,0.21423,0.15469,0.19874,0.18297,0.20167,0.23353,0.25009,0.19343,0.23102,0.1924,0.25028,0.1633,0.17662,0.1735,0.19346,0.16966,0.21011,0.17645,0.18696,0.16357,0.1747,0.16213,0.16193,0.20445,0.19143,0.15867,0.1613,0.17138,0.17981,0.174,0.14298,0.15801,0.16261,0.18189,0.15797,0.18641,0.18135,0.13411,0.14614,0.18673,0.15689,0.15944,0.17424,0.16088,0.20897,0.15751,0.15472,0.16579,0.14811,0.15466,0.16718,0.14611,0.14973,0.21016,0.14007,0.15129,0.13935,0.13683,0.13941,0.16311,0.15804,0.18674,0.17864,0.13535,0.15605,0.17519,0.16428,0.13448,0.20565,0.19396,0.19333,0.13993,0.15575,0.16095,0.14953,0.18842,0.25,0.20912,0.1868,0.21699,0.22506,0.19645,0.27476,0.15151,0.18486,0.18797,0.19453,0.15221,0.16605,0.16534,0.20599,0.1639,0.20692,0.26014,0.21665,0.12517,0.21658,0.15228,0.17811,0.1669,0.19722,0.14118,0.1251,0.15768,0.16706,0.17676,0.16966,0.17809,0.20315,0.21871,0.1817,0.21036,0.21136,0.10982,0.20737,0.11731,0.11631,0.20896,0.2365,0.13636,0.19729,0.16387,0.1716,0.15252,0.13806,0.16283,0.16868,0.31469,0.16227,0.14886,0.17958,0.11769,0.16405,0.24975,0.3236,0.26574,0.14962,0.1934,0.19937,0.17823],