{"config":{"arm":"focal","loss":"focal","gamma":3.0,"epochs":160,"batch":128,"lr":0.1,"weight_decay":0.0,"seed":1,"smoke":false},"metrics":{"ep_train_loss":[1.1762,0.74032,0.5516,0.43376,0.35638,0.29355,0.25032,0.22214,0.19587,0.17551,0.15842,0.14467,0.13132,0.11942,0.10801,0.1012,0.090722,0.083831,0.077179,0.069731,0.067283,0.060328,0.054625,0.049388,0.046125,0.042178,0.039738,0.038793,0.035483,0.034333,0.029753,0.0266,0.026151,0.024356,0.023261,0.020775,0.019869,0.019968,0.01769,0.017541,0.015446,0.015269,0.015522,0.014306,0.013586,0.011627,0.011591,0.012414,0.011525,0.011252,0.010282,0.0094529,0.010027,0.010171,0.0089125,0.0076593,0.0077121,0.0072202,0.0075437,0.0076456,0.0069023,0.0069911,0.0061222,0.006421,0.0059379,0.0056914,0.006046,0.0051662,0.0053997,0.0050436,0.005397,0.0063169,0.0044895,0.0052861,0.0053316,0.0036625,0.004313,0.0047489,0.0046042,0.0036549,0.002327,0.0015439,0.0013109,0.0012674,0.00099813,0.0010145,0.00082517,0.00087006,0.00078489,0.00065599,0.00076929,0.00076068,0.00068283,0.0005846,0.00067918,0.00060132,0.00057251,0.00057371,0.0005923,0.00053362,0.00067963,0.00057874,0.00058535,0.00050074,0.0005156,0.0004503,0.00045344,0.00049234,0.00051982,0.00051477,0.00048304,0.00045045,0.00045994,0.00044677,0.00046762,0.00039436,0.00043787,0.00045271,0.00037591,0.00036707,0.00039742,0.00041365,0.00039874,0.00031583,0.00037918,0.0003332,0.00036816,0.00041525,0.00032773,0.00039279,0.00041234,0.00029507,0.00035729,0.00038308,0.00034145,0.00036717,0.00040147,0.000384,0.00044467,0.0003131,0.00036627,0.00034308,0.00035594,0.0003066,0.00033996,0.00032433,0.00033114,0.0003887,0.00040339,0.00040601,0.00035077,0.00034609,0.00041537,0.0002986,0.00041673,0.00033958,0.00027806,0.0003459,0.00032071,0.00037092],"ep_train_err":[0.66741,0.50483,0.402,0.33325,0.28379,0.24311,0.2153,0.19814,0.18141,0.16581,0.15445,0.14519,0.13604,0.12672,0.12081,0.1123,0.10561,0.09974,0.095092,0.091767,0.08744,0.082692,0.075982,0.072015,0.06877,0.064223,0.060677,0.059615,0.056991,0.055268,0.049599,0.044812,0.044832,0.041947,0.041206,0.03722,0.035657,0.034295,0.032592,0.030809,0.029447,0.029006,0.028085,0.026643,0.02522,0.022676,0.022095,0.022556,0.021034,0.021795,0.019471,0.017969,0.01855,0.01883,0.016246,0.014944,0.014884,0.013962,0.014123,0.015244,0.013922,0.013662,0.011418,0.01276,0.011919,0.011118,0.011258,0.010417,0.0099359,0.010337,0.010317,0.010998,0.0091146,0.0097957,0.010557,0.0078125,0.0083133,0.0092748,0.0092748,0.0068309,0.0046474,0.0033053,0.0025441,0.0023037,0.0018029,0.0016827,0.0013421,0.0015024,0.0016226,0.0010617,0.0016226,0.0011819,0.0013822,0.0013622,0.001262,0.001222,0.0010417,0.0012019,0.0011619,0.00080128,0.0013822,0.0011218,0.0011418,0.0010216,0.00098157,0.00080128,0.00074119,0.00084135,0.0011218,0.00084135,0.0010016,0.00076122,0.0011018,0.00080128,0.00078125,0.00076122,0.00088141,0.00072115,0.00082131,0.00064103,0.00074119,0.00076122,0.00080128,0.00060096,0.00062099,0.00058093,0.00058093,0.00082131,0.00058093,0.00052083,0.00070112,0.00042067,0.00066106,0.00088141,0.0005609,0.00078125,0.00076122,0.00088141,0.00076122,0.00046074,0.00064103,0.00058093,0.00074119,0.00058093,0.00060096,0.00054087,0.00048077,0.00076122,0.00082131,0.00074119,0.00052083,0.00064103,0.0005609,0.0005008,0.00070112,0.0005008,0.00044071,0.00062099,0.00052083,0.00062099],"ep_test_acc":[0.3938,0.5077,0.6342,0.6852,0.7256,0.7604,0.7856,0.7976,0.8138,0.833,0.8193,0.8357,0.8382,0.8503,0.8538,0.8561,0.845,0.851,0.8632,0.8676,0.877,0.8751,0.8774,0.873,0.8743,0.8822,0.8777,0.8835,0.8847,0.8878,0.8785,0.8823,0.8834,0.8905,0.8893,0.8904,0.8983,0.8813,0.8912,0.8966,0.8989,0.895,0.9032,0.8987,0.8931,0.8986,0.8991,0.8954,0.9016,0.899,0.8934,0.9012,0.9009,0.8904,0.8956,0.9043,0.9025,0.9056,0.9058,0.8985,0.8983,0.9001,0.9059,0.9012,0.9093,0.9039,0.9046,0.9123,0.9046,0.9056,0.9062,0.9066,0.9009,0.9042,0.9087,0.9049,0.9066,0.9088,0.9048,0.9093,0.9136,0.9134,0.9152,0.9166,0.9163,0.9164,0.9168,0.9161,0.9155,0.9167,0.9174,0.916,0.9169,0.9162,0.9172,0.917,0.9166,0.917,0.9164,0.9173,0.9175,0.9165,0.9175,0.9173,0.9169,0.917,0.9165,0.9169,0.9158,0.917,0.9171,0.9169,0.9173,0.9178,0.9178,0.9183,0.9178,0.9161,0.917,0.9167,0.9175,0.9169,0.9173,0.9167,0.9175,0.9173,0.9172,0.9173,0.9171,0.9174,0.9188,0.9174,0.9172,0.9166,0.9171,0.9169,0.9171,0.917,0.9172,0.9171,0.9182,0.9171,0.917,0.9174,0.9179,0.9175,0.9167,0.9172,0.9175,0.9178,0.9166,0.9176,0.9171,0.9182,0.9171,0.9182,0.9178,0.918,0.9176,0.9177],"ep_test_ece":[0.035112,0.053997,0.065719,0.104,0.091516,0.13678,0.14167,0.13001,0.13151,0.12553,0.11168,0.10367,0.13006,0.11575,0.10925,0.090199,0.07854,0.090468,0.078023,0.10004,0.074727,0.069808,0.070897,0.066588,0.064125,0.060602,0.05204,0.045241,0.056326,0.048029,0.043214,0.046858,0.0407,0.030094,0.0377,0.029731,0.024956,0.02847,0.023697,0.022772,0.017975,0.018661,0.016795,0.024532,0.017731,0.012543,0.010652,0.0064644,0.010614,0.012327,0.011324,0.0076855,0.0072354,0.010255,0.0081296,0.0092482,0.01079,0.0095339,0.0081476,0.013148,0.012011,0.012582,0.015354,0.01119,0.0092535,0.016627,0.010058,0.015175,0.014611,0.017789,0.012055,0.011334,0.024563,0.017729,0.017734,0.020242,0.013763,0.016072,0.021514,0.014076,0.014872,0.018111,0.018846,0.018796,0.020044,0.020314,0.021061,0.022794,0.024762,0.024167,0.024374,0.025936,0.025432,0.026095,0.026002,0.026267,0.027259,0.026866,0.027836,0.027169,0.027586,0.029515,0.026747,0.028445,0.027986,0.028756,0.030143,0.029534,0.029592,0.029461,0.029159,0.030153,0.030611,0.03065,0.029757,0.029381,0.030324,0.03121,0.031052,0.031734,0.03106,0.031159,0.031053,0.03148,0.030791,0.03077,0.031066,0.030924,0.031345,0.030541,0.030924,0.031705,0.031744,0.031149,0.030674,0.031582,0.031619,0.031064,0.031246,0.031408,0.031015,0.031656,0.031337,0.030434,0.031848,0.030742,0.031343,0.030514,0.030578,0.030549,0.031575,0.031584,0.031354,0.030592,0.032204,0.030383,0.030611,0.030854,0.030502,0.031653],"ep_rho_logit":[0.18925,0.24504,0.2145,0.18803,0.30696,0.21657,0.24725,0.19977,0.22646,0.22038,0.18174,0.31573,0.22638,0.2049,0.18311,0.21853,0.22184,0.15591,0.21693,0.1854,0.17582,0.17359,0.1953,0.15288,0.20801,0.15365,0.15237,0.23397,0.15529,0.19722,0.1539,0.1514,0.16602,0.19359,0.14167,0.17762,0.12556,0.145,0.18124,0.15465,0.1505,0.16218,0.19921,0.14721,0.13978,0.13979,0.14604,0.15849,0.18863,0.16626,0.12489,0.17249,0.18957,0.13822,0.14703,0.18233,0.14144,0.16168,0.17463,0.19684,0.19834,0.1915,0.19206,0.14388,0.13195,0.15508,0.13255,0.15505,0.14728,0.18821,0.14683,0.14041,0.1776,0.10793,0.14965,0.18805,0.13056,0.14136,0.13427,0.11668,0.30326,0.15801,0.24206,0.24119,0.14937,0.18066,0.23503,0.19751,0.17763,0.1434,0.20383,0.16172,0.10361,0.21016,0.28272,0.26691,0.12485,0.11462,0.1369,0.15025,0.20132,0.28074,0.18589,0.25669,0.29514,0.21829,0.12349,0.15257,0.16154,0.15886,0.21188,0.12933,0.13729,0.16502,0.13667,0.1632,0.23115,0.12815,0.21985,0.21858,0.13886,0.18444,0.24339,0.16283,0.22635,0.15998,0.19481,0.26346,0.23762,0.1428,0.29864,0.27704,0.21352,0.13416,0.30996,0.18765,0.16118,0.1837,0.16509,0.18154,0.1814,0.2312,0.19749,0.20197,0.19033,0.1357,0.11846,0.13869,0.10371,0.21331,0.15352,0.24943,0.18732,0.21102,0.15978,0.25611,0.32834,0.28622,0.41449],