{"config":{"arm":"focal","loss":"focal","gamma":3.0,"epochs":160,"batch":128,"lr":0.1,"weight_decay":0.0,"seed":0,"smoke":false},"metrics":{"ep_train_loss":[1.542,0.95252,0.76763,0.6335,0.52642,0.44959,0.39398,0.34605,0.30302,0.26771,0.23985,0.21733,0.19665,0.18022,0.16589,0.14987,0.14087,0.12711,0.11842,0.11062,0.10165,0.096197,0.086533,0.07869,0.073313,0.067416,0.062993,0.059169,0.055652,0.05133,0.045949,0.046505,0.041193,0.039303,0.035133,0.033106,0.031405,0.028581,0.030558,0.025003,0.02415,0.021973,0.021674,0.02013,0.019199,0.019202,0.016515,0.01665,0.015244,0.013796,0.014675,0.012939,0.012075,0.013451,0.012648,0.01098,0.0095441,0.010329,0.0081693,0.010598,0.0084144,0.0078735,0.0077223,0.0079211,0.008166,0.0080802,0.0064892,0.0073642,0.0059742,0.006311,0.0058505,0.005653,0.0054676,0.0063271,0.0049195,0.0046531,0.0054575,0.0040444,0.0041874,0.0048821,0.0028225,0.0019654,0.0014986,0.0015114,0.0013085,0.0012218,0.0011742,0.0011846,0.0011884,0.00098485,0.00096963,0.00086189,0.00082684,0.00096715,0.0008625,0.00095046,0.00083276,0.00069116,0.00077247,0.0006773,0.00076189,0.00061633,0.00069665,0.00065594,0.00059593,0.000655,0.00076504,0.000583,0.00066345,0.00065311,0.0006196,0.00055567,0.00061051,0.00058625,0.00053209,0.00055697,0.0005293,0.00055407,0.00054284,0.00053418,0.00054827,0.00047752,0.00047366,0.00041753,0.00048132,0.00041586,0.00047995,0.00052866,0.00044818,0.00048584,0.00049605,0.00043878,0.00049681,0.00050464,0.00050726,0.000519,0.00055778,0.00043304,0.00045252,0.00045743,0.00048532,0.00046322,0.00049134,0.00048442,0.00058367,0.00044798,0.00046484,0.00041815,0.00049927,0.0004698,0.0003716,0.0003924,0.00049316,0.00054377,0.0004708,0.00061063,0.00056396,0.00048877,0.00040483,0.00042933],"ep_train_err":[0.79038,0.62206,0.51977,0.4509,0.3864,0.34303,0.30537,0.27849,0.25188,0.22937,0.21072,0.19495,0.18013,0.17226,0.16072,0.14988,0.14417,0.13365,0.12975,0.12206,0.11675,0.1115,0.10335,0.096815,0.095373,0.0872,0.084635,0.079187,0.076362,0.071595,0.06859,0.066807,0.060256,0.058854,0.055288,0.051562,0.050521,0.046875,0.047436,0.042188,0.040625,0.038682,0.0372,0.034475,0.033994,0.032592,0.030028,0.030369,0.027664,0.025381,0.026462,0.023498,0.022236,0.024119,0.022736,0.020172,0.017949,0.019491,0.015966,0.019091,0.016126,0.015024,0.015024,0.014864,0.015124,0.014984,0.012841,0.013862,0.011318,0.011739,0.010917,0.011118,0.010296,0.01224,0.0097957,0.0088141,0.010276,0.0078526,0.0079527,0.0095353,0.0053285,0.0031851,0.0026843,0.0028646,0.0023638,0.0020433,0.0018229,0.0020433,0.0024239,0.0017628,0.0014423,0.0015224,0.0011619,0.0017027,0.0015224,0.0015625,0.0013822,0.0010216,0.0010817,0.0013221,0.0013822,0.0010617,0.0012019,0.0011018,0.00084135,0.0011218,0.001262,0.00090144,0.0010617,0.0010016,0.0010016,0.0010417,0.0010216,0.00096154,0.00086138,0.0010817,0.00072115,0.00082131,0.00072115,0.00082131,0.00084135,0.00080128,0.00070112,0.00060096,0.00086138,0.0005008,0.00074119,0.00092147,0.00058093,0.00070112,0.00072115,0.00058093,0.00070112,0.00070112,0.00086138,0.00078125,0.0010016,0.00082131,0.00066106,0.00078125,0.00094151,0.00066106,0.00080128,0.00088141,0.00096154,0.00066106,0.00086138,0.00052083,0.00076122,0.00068109,0.00058093,0.00062099,0.00070112,0.00084135,0.00082131,0.00094151,0.0010016,0.00066106,0.00044071,0.00062099],"ep_test_acc":[0.2954,0.4623,0.5105,0.5945,0.6054,0.6589,0.6913,0.7269,0.7374,0.7467,0.7831,0.7924,0.8089,0.8137,0.8263,0.8127,0.827,0.8375,0.8462,0.8425,0.8412,0.8591,0.8435,0.8527,0.8576,0.8618,0.8665,0.8728,0.8709,0.8617,0.8712,0.8668,0.8798,0.8635,0.8703,0.8695,0.8821,0.8768,0.8821,0.883,0.8811,0.878,0.8861,0.887,0.8882,0.8874,0.8873,0.8887,0.892,0.8838,0.8829,0.8941,0.8919,0.8908,0.8953,0.895,0.8928,0.8969,0.8945,0.8963,0.8997,0.8993,0.8912,0.894,0.8934,0.8932,0.9006,0.9016,0.9005,0.9053,0.8972,0.9012,0.8896,0.9031,0.9007,0.8994,0.9021,0.8994,0.8991,0.9009,0.9061,0.9059,0.9071,0.9081,0.9075,0.9075,0.9103,0.9095,0.909,0.9094,0.9086,0.9102,0.9106,0.9099,0.9092,0.9102,0.91,0.9098,0.9092,0.9099,0.9096,0.9097,0.9105,0.911,0.9114,0.9097,0.9106,0.9098,0.9096,0.9097,0.9099,0.9091,0.9097,0.91,0.9111,0.9104,0.9115,0.9109,0.9113,0.9115,0.9115,0.9115,0.9109,0.9113,0.9109,0.9105,0.9117,0.9112,0.9113,0.9111,0.9114,0.9106,0.9113,0.911,0.9115,0.9106,0.9113,0.9108,0.9116,0.9116,0.9108,0.9109,0.911,0.9119,0.911,0.9116,0.9111,0.9112,0.9111,0.9108,0.9111,0.91,0.912,0.9117,0.9108,0.9113,0.911,0.9104,0.9115,0.9105],"ep_test_ece":[0.024292,0.081026,0.064744,0.11929,0.0716,0.11531,0.10385,0.096612,0.12759,0.10818,0.1131,0.1406,0.14083,0.12069,0.12354,0.10551,0.11801,0.11727,0.079034,0.08955,0.087365,0.096966,0.090843,0.069993,0.064842,0.067422,0.073807,0.06614,0.061612,0.065982,0.045878,0.043795,0.055907,0.038304,0.035145,0.036359,0.042671,0.029656,0.037534,0.027608,0.025872,0.020268,0.029965,0.017968,0.015897,0.017881,0.013704,0.010408,0.016818,0.010022,0.010318,0.0088773,0.010684,0.0085312,0.0094495,0.0078875,0.0080198,0.0082342,0.0092417,0.0075723,0.0074183,0.009706,0.011922,0.014756,0.016013,0.0090997,0.011481,0.0072894,0.0097819,0.0084385,0.018408,0.015091,0.025203,0.013239,0.017656,0.02268,0.015447,0.022674,0.023099,0.020518,0.018002,0.019342,0.020166,0.019277,0.021312,0.022125,0.020885,0.021121,0.022502,0.022901,0.023838,0.022546,0.022687,0.023921,0.024357,0.023462,0.024945,0.02482,0.026041,0.025554,0.026244,0.026452,0.027288,0.025269,0.024873,0.026724,0.026767,0.026809,0.027499,0.027851,0.02737,0.028269,0.027981,0.028002,0.027104,0.027223,0.026471,0.027809,0.027322,0.027204,0.027719,0.027497,0.028861,0.027733,0.028238,0.028522,0.02745,0.02788,0.02831,0.028048,0.027544,0.028527,0.027705,0.028147,0.028601,0.028624,0.028206,0.029544,0.028598,0.027947,0.029003,0.028317,0.02804,0.028213,0.027885,0.027646,0.027553,0.028201,0.028196,0.028814,0.02794,0.028865,0.027983,0.027974,0.028689,0.028107,0.028929,0.028992,0.028367,0.029159],"ep_rho_logit":[0.268,0.25838,0.25079,0.31133,0.21154,0.25513,0.23444,0.23377,0.26799,0.24227,0.21409,0.23747,0.20735,0.24462,0.24808,0.34435,0.20617,0.21992,0.2375,0.19319,0.18283,0.18026,0.17318,0.18424,0.16971,0.19322,0.1488,0.20071,0.17401,0.15225,0.14383,0.17574,0.15079,0.17076,0.16667,0.2291,0.13976,0.22534,0.13861,0.13294,0.16036,0.18208,0.14487,0.15893,0.19414,0.14389,0.17565,0.15479,0.17039,0.15535,0.15995,0.18685,0.14536,0.20061,0.16078,0.14714,0.16376,0.12278,0.14737,0.16292,0.15137,0.17646,0.13846,0.1428,0.17366,0.13506,0.16405,0.15806,0.15221,0.12666,0.14451,0.12761,0.1926,0.16311,0.13468,0.16246,0.13133,0.17243,0.12932,0.13214,0.18182,0.12996,0.11192,0.19791,0.19089,0.19037,0.15202,0.16145,0.15491,0.13874,0.122,0.16885,0.17128,0.13595,0.12385,0.2224,0.11979,0.17819,0.16621,0.14393,0.24389,0.11011,0.13602,0.1437,0.11362,0.12719,0.1252,0.1651,0.15043,0.18399,0.21925,0.23825,0.14164,0.18944,0.17327,0.30812,0.17822,0.16267,0.15895,0.13159,0.15039,0.15244,0.17578,0.19735,0.26229,0.19465,0.16018,0.17518,0.14992,0.28054,0.24318,0.18629,0.13783,0.11647,0.1942,0.25225,0.25567,0.27864,0.26528,0.15895,0.12715,0.26069,0.22708,0.15631,0.22317,0.24016,0.13908,0.18361,0.2265,0.17026,0.23206,0.17728,0.18165,0.15681,0.14988,0.14702,0.23937,0.1638,0.16819],