{"config":{"arm":"logitnorm","loss":"logitnorm","tau":0.04,"epochs":160,"batch":128,"lr":0.1,"weight_decay":0.0,"seed":0,"smoke":false},"metrics":{"ep_train_loss":[4.5363,1.7992,1.5229,1.3375,1.2129,1.0367,0.91243,0.80203,0.72867,0.66035,0.71334,0.6393,0.57066,0.53821,0.50495,0.47039,0.43971,0.40165,0.385,0.37413,0.39728,0.39396,0.37662,0.40619,0.31335,0.29714,0.23984,0.21027,0.19231,0.18115,0.16387,0.15701,0.14942,0.14131,0.13065,0.1232,0.11667,0.10858,0.10264,0.10062,0.095611,0.091874,0.084904,0.079976,0.079994,0.069326,0.070152,0.064999,0.064611,0.06463,0.055487,0.056164,0.053469,0.051631,0.049823,0.047461,0.048721,0.044889,0.04408,0.040061,0.037682,0.038123,0.042072,0.040184,0.032474,0.034652,0.039815,0.029562,0.03175,0.030639,0.030924,0.029532,0.02928,0.025741,0.029127,0.026242,0.02597,0.023583,0.026624,0.023162,0.012883,0.0090036,0.0080818,0.0070318,0.0062076,0.0056517,0.0053415,0.0052344,0.0047015,0.0041956,0.0039279,0.0042454,0.0038446,0.002945,0.0034355,0.0035497,0.0031205,0.0032507,0.0025427,0.0029074,0.0030126,0.0026135,0.0023331,0.0022534,0.0022893,0.0024116,0.0029032,0.0024352,0.0022328,0.0021958,0.0021608,0.0019844,0.002071,0.002298,0.0022427,0.0020067,0.0020595,0.0022841,0.0021028,0.0020127,0.0017985,0.0018892,0.001729,0.0021528,0.0016726,0.0016108,0.0017733,0.0019731,0.0016918,0.0017469,0.0017958,0.0020295,0.0019252,0.0016388,0.0018179,0.0018492,0.0013542,0.0017105,0.001802,0.0016911,0.0014923,0.0018961,0.0014932,0.0018962,0.0018223,0.0016476,0.0017067,0.0020934,0.0018613,0.0016898,0.001657,0.001725,0.0018594,0.0017961,0.0018403,0.0015916,0.001757,0.0016932,0.0018558,0.001348],"ep_train_err":[0.83259,0.65403,0.54235,0.47192,0.41901,0.35779,0.31226,0.27105,0.24331,0.21981,0.2346,0.20988,0.18492,0.17135,0.15962,0.14826,0.13632,0.1227,0.11907,0.11358,0.12782,0.12218,0.11795,0.1271,0.10435,0.10194,0.083934,0.073297,0.067668,0.062821,0.057091,0.056831,0.052544,0.049339,0.044812,0.042428,0.040825,0.038061,0.035917,0.035236,0.033594,0.032352,0.029407,0.028646,0.027865,0.024399,0.024619,0.022877,0.022516,0.023157,0.01845,0.019671,0.01863,0.017889,0.017548,0.016526,0.016667,0.015685,0.015465,0.013902,0.013061,0.013121,0.014403,0.014203,0.011178,0.011899,0.013582,0.010096,0.011058,0.010096,0.010857,0.010116,0.010597,0.0093349,0.0096955,0.0093349,0.0091546,0.0079327,0.0086739,0.0080729,0.0042067,0.0029247,0.0025841,0.0020232,0.001883,0.0016627,0.0016627,0.0015425,0.0013221,0.0011619,0.0011018,0.0013221,0.00096154,0.00060096,0.0010216,0.00098157,0.00070112,0.00080128,0.00054087,0.00072115,0.00084135,0.00058093,0.00046074,0.0005008,0.00062099,0.00058093,0.00074119,0.00054087,0.00060096,0.00054087,0.0005008,0.00036058,0.00048077,0.0005008,0.0005609,0.00044071,0.00044071,0.00054087,0.00052083,0.00048077,0.00040064,0.00038061,0.00042067,0.00048077,0.00038061,0.00034054,0.00042067,0.00042067,0.00038061,0.00032051,0.00042067,0.0005609,0.00042067,0.00034054,0.00042067,0.00052083,0.00026042,0.00034054,0.00054087,0.00026042,0.00026042,0.00036058,0.00030048,0.00034054,0.00048077,0.00028045,0.00052083,0.0005609,0.00038061,0.00034054,0.00030048,0.00038061,0.00046074,0.00048077,0.00042067,0.00030048,0.00042067,0.00034054,0.00036058,0.00028045],"ep_test_acc":[0.2675,0.4226,0.4409,0.5536,0.6244,0.6536,0.6785,0.7492,0.7718,0.7587,0.749,0.7813,0.8022,0.8097,0.815,0.8474,0.8402,0.8543,0.8672,0.8533,0.8375,0.8225,0.8449,0.85,0.8613,0.8684,0.8751,0.882,0.8825,0.879,0.8805,0.8786,0.8853,0.876,0.8945,0.8927,0.883,0.8887,0.8914,0.8926,0.8932,0.8936,0.8952,0.8869,0.8955,0.8933,0.8962,0.898,0.8974,0.8917,0.8973,0.8965,0.9004,0.8938,0.8967,0.9018,0.8996,0.8998,0.9013,0.8988,0.8978,0.9019,0.8974,0.902,0.9035,0.8965,0.9012,0.905,0.8994,0.8941,0.9035,0.8986,0.9045,0.9009,0.9012,0.9072,0.9045,0.9065,0.9042,0.9022,0.9123,0.913,0.9152,0.914,0.9146,0.9167,0.9172,0.9166,0.9177,0.9166,0.9162,0.917,0.9176,0.9177,0.9175,0.9182,0.918,0.9189,0.9176,0.9183,0.9183,0.9193,0.9199,0.9176,0.9193,0.9172,0.9191,0.9195,0.9193,0.9196,0.9206,0.9202,0.9197,0.9201,0.92,0.9202,0.9193,0.9198,0.9198,0.9197,0.9205,0.9196,0.9203,0.9197,0.92,0.921,0.9202,0.9202,0.9197,0.9201,0.9189,0.9201,0.9202,0.9198,0.9199,0.9194,0.9194,0.9196,0.9197,0.9195,0.9201,0.9196,0.9206,0.92,0.9217,0.9196,0.9205,0.9204,0.9202,0.92,0.9208,0.9202,0.9203,0.9198,0.9192,0.9199,0.9198,0.9196,0.9203,0.9195],"ep_test_ece":[0.3693,0.3845,0.34584,0.34404,0.29139,0.27633,0.2683,0.20724,0.18308,0.20328,0.21386,0.18159,0.1642,0.16028,0.15433,0.1293,0.13537,0.12448,0.11271,0.12613,0.13638,0.15212,0.13483,0.12956,0.11985,0.11476,0.11007,0.10298,0.10292,0.10667,0.10493,0.1089,0.10128,0.10797,0.093054,0.094405,0.10333,0.098323,0.096093,0.095645,0.093887,0.09404,0.093424,0.10086,0.092632,0.094638,0.091711,0.090387,0.089751,0.094865,0.090943,0.091806,0.089088,0.094509,0.091686,0.087659,0.090997,0.089497,0.088492,0.090217,0.090598,0.087835,0.090839,0.086926,0.08622,0.092459,0.088499,0.084001,0.090291,0.092849,0.08678,0.090434,0.085257,0.088328,0.088794,0.081482,0.085042,0.083621,0.086079,0.087835,0.078387,0.077929,0.075398,0.077078,0.076201,0.073948,0.07381,0.073742,0.073519,0.074517,0.075307,0.074417,0.073288,0.073705,0.07353,0.072844,0.07351,0.072039,0.073808,0.073308,0.073155,0.072248,0.071557,0.07372,0.07225,0.074089,0.072139,0.071956,0.071665,0.072023,0.07063,0.071184,0.071143,0.07103,0.07102,0.070807,0.072044,0.071676,0.07215,0.071713,0.071272,0.072198,0.071696,0.071437,0.07177,0.071709,0.071248,0.071688,0.071818,0.071341,0.07248,0.071561,0.071444,0.071884,0.071742,0.072205,0.071916,0.072067,0.071869,0.071904,0.071415,0.072086,0.071158,0.071508,0.069794,0.07212,0.071048,0.071543,0.071488,0.072103,0.070795,0.071653,0.071702,0.072207,0.07243,0.071785,0.071677,0.072295,0.071294,0.072335],"ep_rho_logit":[0.28191,0.34061,0.30647,0.35241,0.35339,0.23785,0.32577,0.19468,0.22108,0.27436,0.31731,0.20708,0.28228,0.24891,0.2484,0.23985,0.28655,0.32338,0.24043,0.29752,0.28929,0.2928,0.25179,0.30397,0.3401,0.28578,0.32997,0.3181,0.32209,0.25103,0.28747,0.28236,0.29423,0.34032,0.30241,0.24316,0.30566,0.25826,0.26294,0.27011,0.27481,0.28517,0.29406,0.30138,0.25857,0.28831,0.30151,0.2681,0.30518,0.26402,0.26881,0.34028,0.2977,0.30431,0.29726,0.29367,0.32306,0.3047,0.27075,0.32936,0.30009,0.34398,0.29285,0.27648,0.29053,0.27056,0.2782,0.26586,0.32455,0.2741,0.24593,0.28239,0.2635,0.28312,0.29467,0.28463,0.23893,0.28833,0.32053,0.32113,0.27733,0.30219,0.28082,0.30996,0.28662,0.38054,0.49334,0.30532,0.26192,0.30207,0.31793,0.27522,0.30588,0.318,0.34029,0.34875,0.3489,0.40954,0.35752,0.30871,0.31272,0.36646,0.35919,0.39592,0.25753,0.23395,0.39596,0.42286,0.26015,0.36919,0.43107,0.34779,0.33636,0.49818,0.31206,0.38134,0.37005,0.23499,0.33984,0.31769,0.36331,0.30921,0.25575,0.31395,0.37152,0.30984,0.37,0.31217,0.29798,0.36128,0.41341,0.3069,0.30921,0.60677,0.34296,0.41245,0.45737,0.43231,0.37381,0.34062,0.26225,0.39374,0.35739,0.41388,0.39945,0.43031,0.62982,0.34259,0.28079,0.37628,0.39794,0.37541,0.4233,0.3751,0.2922,0.30745,0.42605,0.37658,0.43566],