{"config":{"arm":"label_smoothing","loss":"ce","label_smoothing":0.1,"epochs":160,"batch":128,"lr":0.1,"weight_decay":0.0,"seed":0,"smoke":false},"metrics":{"ep_train_loss":[2.2047,1.7397,1.5522,1.3897,1.2573,1.158,1.0768,1.0061,0.95114,0.91293,0.87263,0.84492,0.81626,0.79637,0.77644,0.75369,0.73431,0.71757,0.70389,0.69063,0.68099,0.66783,0.65326,0.64567,0.63299,0.62668,0.61886,0.61111,0.60456,0.59686,0.59026,0.58472,0.57735,0.57566,0.56973,0.56514,0.56102,0.55434,0.55386,0.55096,0.5468,0.54212,0.53972,0.5387,0.535,0.53417,0.53095,0.5301,0.52986,0.52609,0.5249,0.5242,0.52428,0.52363,0.51865,0.52001,0.52011,0.51916,0.51629,0.5176,0.51728,0.51613,0.51525,0.51473,0.51401,0.51418,0.51277,0.51141,0.51111,0.51048,0.5108,0.51115,0.51215,0.51281,0.51274,0.51089,0.51015,0.50902,0.50939,0.50942,0.50582,0.50511,0.50463,0.50442,0.50403,0.50381,0.50364,0.50359,0.5036,0.50336,0.50331,0.50327,0.50332,0.50303,0.50326,0.50301,0.50299,0.50303,0.50293,0.50305,0.50289,0.50289,0.5028,0.5028,0.50262,0.50287,0.50275,0.50268,0.50265,0.50265,0.50245,0.50255,0.50252,0.50246,0.50249,0.50261,0.50255,0.50238,0.50264,0.50249,0.50258,0.50236,0.50241,0.50247,0.50231,0.5024,0.50248,0.5024,0.50241,0.50237,0.50234,0.50235,0.50235,0.50235,0.50236,0.50242,0.50247,0.50244,0.50219,0.50243,0.50234,0.50237,0.50233,0.50233,0.50233,0.50245,0.50234,0.50232,0.50236,0.50234,0.50237,0.50232,0.50227,0.50232,0.5024,0.50236,0.5023,0.50239,0.50237,0.50237],"ep_train_err":[0.75252,0.58782,0.4868,0.40439,0.33678,0.29091,0.25148,0.21907,0.19575,0.17652,0.15933,0.14629,0.13327,0.12408,0.11611,0.10661,0.097115,0.089103,0.083574,0.078686,0.073778,0.068409,0.060737,0.058273,0.052804,0.05,0.046595,0.043109,0.040044,0.03754,0.033674,0.030889,0.027865,0.027965,0.025581,0.023257,0.022015,0.018229,0.01889,0.017348,0.015425,0.013542,0.0128,0.012179,0.009976,0.010897,0.0087139,0.0094151,0.0095753,0.0070112,0.0071514,0.0069311,0.0070313,0.00623,0.0048878,0.0052885,0.0054888,0.0052083,0.0042668,0.0047476,0.0046274,0.0039864,0.0035056,0.0034655,0.0032051,0.003746,0.0029848,0.0022837,0.0022636,0.0022236,0.0023838,0.0027043,0.0033253,0.0034255,0.0034856,0.0026042,0.0023838,0.001883,0.0021034,0.0022436,0.00072115,0.00064103,0.00048077,0.00034054,0.00032051,0.00032051,0.00012019,0.00024038,0.00022035,0.00016026,0.00016026,0.00018029,0.00016026,0.00010016,0.00018029,0.00014022,4.0064e-05,0.00016026,0.00010016,0.00012019,8.0128e-05,0.00014022,0.00010016,6.0096e-05,6.0096e-05,0.00018029,0.00014022,0.00012019,0.00010016,8.0128e-05,6.0096e-05,4.0064e-05,4.0064e-05,2.0032e-05,6.0096e-05,0.00014022,8.0128e-05,8.0128e-05,6.0096e-05,0.00010016,0.00010016,2.0032e-05,0.00012019,6.0096e-05,2.0032e-05,8.0128e-05,4.0064e-05,4.0064e-05,6.0096e-05,2.0032e-05,6.0096e-05,4.0064e-05,6.0096e-05,8.0128e-05,4.0064e-05,6.0096e-05,0.00010016,8.0128e-05,0.0,8.0128e-05,4.0064e-05,2.0032e-05,2.0032e-05,2.0032e-05,4.0064e-05,6.0096e-05,2.0032e-05,2.0032e-05,4.0064e-05,0.00010016,8.0128e-05,4.0064e-05,6.0096e-05,0.0,0.00010016,4.0064e-05,4.0064e-05,0.00012019,6.0096e-05,6.0096e-05],"ep_test_acc":[0.3615,0.4699,0.5243,0.6142,0.6367,0.7208,0.7525,0.7751,0.7798,0.8138,0.8135,0.842,0.8314,0.8451,0.8575,0.858,0.8648,0.8697,0.8807,0.8832,0.8815,0.8778,0.8805,0.888,0.8847,0.8909,0.8891,0.8897,0.8954,0.8934,0.8994,0.9003,0.9031,0.8987,0.898,0.8947,0.9086,0.909,0.902,0.9009,0.9012,0.9071,0.9108,0.9111,0.9075,0.9125,0.9104,0.9117,0.9095,0.9107,0.9144,0.9138,0.9173,0.9158,0.9177,0.9158,0.9133,0.9156,0.9132,0.9198,0.9192,0.916,0.917,0.9159,0.9139,0.9165,0.9191,0.9209,0.9155,0.916,0.918,0.9195,0.9192,0.917,0.9185,0.9172,0.9178,0.9187,0.9184,0.9185,0.9245,0.9249,0.9254,0.9269,0.926,0.9264,0.9265,0.9279,0.9266,0.9272,0.9265,0.9273,0.9257,0.9274,0.9265,0.9269,0.9266,0.9269,0.9272,0.9273,0.9275,0.9272,0.9279,0.9285,0.9274,0.9275,0.9276,0.9296,0.9288,0.9282,0.9285,0.9279,0.9281,0.9276,0.9288,0.9283,0.9277,0.9281,0.9281,0.9271,0.9278,0.9292,0.9282,0.9282,0.927,0.9276,0.9277,0.9272,0.9273,0.9274,0.9282,0.9276,0.9282,0.9286,0.9282,0.9281,0.9285,0.9279,0.9281,0.9272,0.9283,0.9283,0.9292,0.9267,0.928,0.9288,0.9286,0.9284,0.9285,0.9277,0.9283,0.9277,0.9278,0.9279,0.9276,0.9282,0.9274,0.9279,0.9278,0.9278],"ep_test_ece":[0.029276,0.042448,0.019948,0.015345,0.011718,0.041302,0.041883,0.060794,0.043145,0.068823,0.052648,0.074142,0.065434,0.058206,0.062098,0.059352,0.045489,0.053943,0.052068,0.059829,0.058,0.045174,0.04936,0.055512,0.057322,0.052779,0.048185,0.049924,0.050854,0.052726,0.056679,0.059174,0.05166,0.051032,0.04817,0.04324,0.051525,0.060826,0.052178,0.04957,0.055841,0.055836,0.051511,0.055993,0.053948,0.054012,0.054958,0.056575,0.054138,0.055174,0.058138,0.058051,0.062495,0.057807,0.05433,0.056662,0.053689,0.058577,0.056233,0.05759,0.055213,0.059193,0.0539,0.061643,0.067137,0.059386,0.06306,0.059999,0.06324,0.059634,0.061547,0.063413,0.057198,0.059713,0.064375,0.060348,0.060586,0.060609,0.060125,0.065199,0.064162,0.065474,0.06638,0.064998,0.065073,0.066503,0.06667,0.064975,0.064907,0.065579,0.068314,0.06692,0.065453,0.065425,0.067012,0.067231,0.065969,0.066167,0.066113,0.066778,0.065471,0.069457,0.066382,0.066575,0.065615,0.065974,0.064642,0.06579,0.066086,0.06851,0.066978,0.066695,0.06655,0.066126,0.066781,0.065136,0.065792,0.065148,0.066148,0.06975,0.067943,0.067828,0.067331,0.068523,0.066236,0.067301,0.06774,0.063744,0.066435,0.067579,0.065452,0.065881,0.070887,0.067323,0.067328,0.066248,0.067007,0.068526,0.065717,0.067558,0.067325,0.068732,0.068266,0.067302,0.069371,0.067215,0.068758,0.066525,0.068002,0.067439,0.069327,0.066054,0.067319,0.068077,0.065524,0.06808,0.06699,0.066495,0.065954,0.067866],"ep_rho_logit":[0.24322,0.2175,0.15488,0.21579,0.20256,0.17891,0.21132,0.14137,0.18249,0.14358,0.1552,0.13203,0.14705,0.10393,0.19572,0.12969,0.15028,0.13416,0.16419,0.16136,0.14997,0.16616,0.16688,0.16337,0.11822,0.16088,0.14581,0.1449,0.15942,0.15202,0.15688,0.1916,0.14986,0.21438,0.19573,0.23293,0.22317,0.18282,0.16981,0.23351,0.14883,0.18904,0.18435,0.17615,0.19263,0.17625,0.24771,0.20071,0.14899,0.18432,0.15092,0.21885,0.17386,0.21657,0.18484,0.14998,0.19496,0.18459,0.18791,0.20286,0.19596,0.19369,0.20018,0.20102,0.24959,0.2461,0.21428,0.2303,0.2307,0.18938,0.2049,0.22824,0.19121,0.20316,0.22361,0.21714,0.23079,0.18987,0.1741,0.1726,0.13731,0.27229,0.27341,0.12164,0.13259,0.18793,0.21278,0.1153,0.25477,0.11211,0.28244,0.19411,0.19051,0.16097,0.15428,0.15589,0.14973,0.12952,0.2052,0.18614,0.26016,0.16315,0.1569,0.17254,0.18204,0.13231,0.21475,0.17692,0.27575,0.16131,0.13288,0.11722,0.27991,0.19975,0.15867,0.074549,0.071865,0.12559,0.25727,0.098897,0.13397,0.16269,0.18351,0.28987,0.22454,0.16559,0.31077,0.41122,0.092006,0.15365,0.21018,0.42421,0.21731,0.21487,0.15321,0.14483,0.18687,0.28025,0.36031,0.22168,0.20201,0.11448,0.090044,0.14251,0.13818,0.20896,0.33702,0.24536,0.24849,0.1646,0.10148,0.1906,0.40562,0.18937,0.35734,0.20612,0.16036,0.15686,0.20976],