{"config":{"arm":"label_smoothing","loss":"ce","label_smoothing":0.1,"epochs":160,"batch":128,"lr":0.1,"weight_decay":0.0,"seed":1,"smoke":false},"metrics":{"ep_train_loss":[1.8303,1.4203,1.2044,1.067,0.98026,0.92038,0.87227,0.83877,0.81146,0.78474,0.75927,0.74324,0.72256,0.70483,0.6918,0.67917,0.6645,0.65443,0.64042,0.63392,0.62482,0.61702,0.60683,0.59895,0.59345,0.58558,0.5806,0.57706,0.57045,0.56905,0.56317,0.55942,0.55391,0.55083,0.54809,0.54862,0.54244,0.54064,0.53605,0.53345,0.53552,0.53455,0.53025,0.52995,0.52592,0.52505,0.52333,0.525,0.52115,0.52321,0.52029,0.5229,0.51785,0.51775,0.51532,0.51579,0.51575,0.51762,0.51417,0.51448,0.51318,0.51418,0.51575,0.51395,0.51312,0.51303,0.5098,0.5103,0.51128,0.50956,0.51133,0.51011,0.50976,0.50735,0.50853,0.50913,0.50702,0.50759,0.50869,0.50742,0.5052,0.50348,0.50307,0.50268,0.50284,0.50251,0.50225,0.50229,0.50213,0.50216,0.50204,0.50209,0.50205,0.50197,0.50186,0.50173,0.50186,0.50184,0.50181,0.50163,0.50179,0.50179,0.50161,0.50172,0.50172,0.50159,0.50156,0.50167,0.50166,0.50166,0.50156,0.50152,0.5016,0.50165,0.5014,0.50152,0.50147,0.50149,0.50151,0.50149,0.50147,0.50145,0.50138,0.50138,0.50146,0.50138,0.50141,0.50149,0.50144,0.50148,0.50138,0.50143,0.50145,0.50139,0.50141,0.50143,0.5014,0.50144,0.50138,0.50135,0.50143,0.50145,0.50135,0.50134,0.50142,0.5014,0.50137,0.50143,0.50141,0.5015,0.50133,0.50136,0.50141,0.50137,0.50149,0.5014,0.50142,0.50133,0.5014,0.50143],"ep_train_err":[0.61753,0.42113,0.3139,0.24673,0.20569,0.17808,0.15819,0.14365,0.13185,0.11917,0.1098,0.1021,0.09373,0.085337,0.080048,0.074079,0.067468,0.063041,0.057792,0.054888,0.05014,0.048878,0.041967,0.039784,0.03758,0.032833,0.03105,0.029748,0.026843,0.027264,0.024439,0.022336,0.019932,0.01903,0.018089,0.018069,0.015645,0.014704,0.012961,0.011558,0.012821,0.012861,0.010317,0.010697,0.0086138,0.0084335,0.0079127,0.0085136,0.0071114,0.0079327,0.0069712,0.0080929,0.0057091,0.0057893,0.0046675,0.0050481,0.0049079,0.0061899,0.0044471,0.0044071,0.0041066,0.0047877,0.0053486,0.0044471,0.0039663,0.0040064,0.0027043,0.0032652,0.0035857,0.0028045,0.0036859,0.0030048,0.0026442,0.001883,0.0024439,0.0026442,0.0019431,0.0020433,0.0024239,0.0021034,0.0012821,0.00046074,0.00054087,0.00032051,0.00036058,0.00036058,0.00014022,0.00016026,0.00024038,0.00016026,0.00018029,0.00018029,0.00022035,0.00012019,8.0128e-05,6.0096e-05,8.0128e-05,0.00014022,8.0128e-05,6.0096e-05,4.0064e-05,0.00014022,4.0064e-05,0.00010016,0.00018029,8.0128e-05,6.0096e-05,0.00010016,0.00012019,6.0096e-05,0.00010016,6.0096e-05,0.00010016,0.00012019,0.0,0.00012019,8.0128e-05,4.0064e-05,6.0096e-05,8.0128e-05,4.0064e-05,4.0064e-05,0.0,4.0064e-05,4.0064e-05,2.0032e-05,4.0064e-05,8.0128e-05,2.0032e-05,6.0096e-05,2.0032e-05,6.0096e-05,6.0096e-05,6.0096e-05,6.0096e-05,0.00010016,8.0128e-05,6.0096e-05,0.0,6.0096e-05,0.00010016,8.0128e-05,2.0032e-05,2.0032e-05,6.0096e-05,2.0032e-05,2.0032e-05,0.00010016,6.0096e-05,8.0128e-05,4.0064e-05,6.0096e-05,2.0032e-05,4.0064e-05,0.00010016,4.0064e-05,6.0096e-05,2.0032e-05,6.0096e-05,4.0064e-05],"ep_test_acc":[0.4986,0.6417,0.7174,0.7489,0.798,0.7927,0.8292,0.849,0.8371,0.8598,0.8672,0.8714,0.8717,0.8783,0.8907,0.8819,0.8865,0.8894,0.8942,0.8743,0.8946,0.8967,0.9008,0.9043,0.9065,0.9005,0.9078,0.9035,0.9079,0.9111,0.906,0.9091,0.9117,0.9099,0.9162,0.9076,0.9149,0.9116,0.9157,0.9064,0.9154,0.9141,0.9179,0.919,0.9175,0.9209,0.9104,0.9203,0.9201,0.9224,0.917,0.918,0.9214,0.9178,0.9257,0.9205,0.9214,0.9235,0.9231,0.9195,0.9256,0.9219,0.9202,0.9211,0.9248,0.9277,0.9274,0.9237,0.9248,0.9232,0.9257,0.922,0.9257,0.9258,0.9205,0.9262,0.9255,0.924,0.9261,0.9247,0.9308,0.9328,0.9325,0.9318,0.9317,0.9336,0.9332,0.9338,0.9333,0.9338,0.9336,0.9336,0.9329,0.9339,0.9324,0.9337,0.9337,0.9335,0.9336,0.9334,0.9339,0.9338,0.9335,0.9333,0.9334,0.9341,0.9341,0.934,0.9336,0.9348,0.9347,0.9333,0.9336,0.9343,0.9344,0.9347,0.9349,0.9352,0.9349,0.934,0.9341,0.9358,0.9345,0.934,0.9341,0.9343,0.9347,0.9332,0.9345,0.9342,0.9351,0.9343,0.9349,0.9351,0.9348,0.9346,0.9346,0.9347,0.9344,0.9347,0.9346,0.9355,0.9349,0.9345,0.9341,0.9348,0.9351,0.935,0.9351,0.9346,0.934,0.9351,0.9345,0.9344,0.9348,0.9346,0.9349,0.9355,0.935,0.935],"ep_test_ece":[0.033585,0.036951,0.032057,0.039784,0.069897,0.048468,0.055538,0.058271,0.050536,0.058423,0.063061,0.058114,0.05251,0.051339,0.062011,0.053555,0.052888,0.061675,0.051756,0.038171,0.05118,0.051639,0.059481,0.050468,0.054198,0.059331,0.056716,0.051705,0.052571,0.053654,0.052806,0.053502,0.051009,0.055279,0.053235,0.052842,0.057296,0.050849,0.058884,0.05901,0.058292,0.058019,0.055704,0.056495,0.059662,0.060153,0.058134,0.058994,0.057325,0.062085,0.058906,0.06124,0.058409,0.060447,0.060236,0.063225,0.058103,0.057708,0.06575,0.062513,0.058069,0.05977,0.058703,0.059314,0.063611,0.059618,0.063465,0.063765,0.064781,0.062618,0.062877,0.061936,0.068072,0.060633,0.064392,0.06616,0.062994,0.062937,0.065251,0.061402,0.062568,0.062741,0.066094,0.062863,0.065885,0.065203,0.067652,0.063049,0.065751,0.065682,0.064378,0.063348,0.064195,0.065747,0.068122,0.06486,0.065144,0.066308,0.064952,0.062914,0.063402,0.064019,0.064487,0.066551,0.066535,0.067743,0.0647,0.064988,0.065076,0.065061,0.06716,0.067209,0.065128,0.064095,0.066112,0.06546,0.066217,0.063109,0.066227,0.065137,0.066943,0.065044,0.064145,0.065044,0.065166,0.065427,0.067428,0.065085,0.066034,0.065041,0.064591,0.064074,0.065315,0.065021,0.068343,0.065524,0.065248,0.065621,0.064551,0.068528,0.06432,0.067516,0.067272,0.065986,0.066493,0.064813,0.06469,0.063767,0.066309,0.065745,0.064831,0.066623,0.063475,0.067955,0.065934,0.065536,0.066382,0.067227,0.066273,0.066529],"ep_rho_logit":[0.21354,0.1936,0.15654,0.12665,0.16705,0.12187,0.10625,0.14445,0.11284,0.12542,0.12933,0.13293,0.13464,0.14684,0.12577,0.17247,0.18103,0.14071,0.14988,0.21555,0.16461,0.20307,0.17002,0.19249,0.15615,0.15839,0.1118,0.14432,0.14424,0.18055,0.20245,0.18499,0.19179,0.21881,0.19231,0.19596,0.19563,0.18482,0.18878,0.15432,0.20813,0.22585,0.24439,0.22124,0.18683,0.25456,0.24901,0.2366,0.31357,0.2852,0.27287,0.22491,0.25936,0.24101,0.31083,0.28577,0.34149,0.28594,0.25606,0.26984,0.23809,0.20859,0.22905,0.30348,0.29174,0.18816,0.27933,0.26497,0.22296,0.303,0.29475,0.27607,0.26086,0.26223,0.20887,0.21293,0.27589,0.27277,0.29473,0.29229,0.19379,0.54474,0.31247,0.29274,0.33268,0.42599,0.40058,0.18082,0.20016,0.27493,0.16587,0.33916,0.41867,0.30614,0.28432,0.23684,0.25393,0.22455,0.2034,0.23028,0.16596,0.22774,0.24548,0.2538,0.46752,0.45111,0.22836,0.17836,0.29448,0.39312,0.27008,0.24901,0.36569,0.3825,0.20159,0.20399,0.30062,0.35013,0.22831,0.19887,0.24265,0.22953,0.19102,0.19379,0.32511,0.13931,0.28857,0.39606,0.33202,0.16824,0.20555,0.30317,0.31992,0.26942,0.18771,0.23161,0.19471,0.25728,0.30966,0.32821,0.3131,0.2741,0.1913,0.20633,0.25051,0.31764,0.3668,0.13165,0.16034,0.25055,0.32492,0.46162,0.51664,0.31569,0.34208,0.24437,0.28176,0.38999,0.3343],