{"config":{"arm":"logitnorm","loss":"logitnorm","tau":0.04,"epochs":160,"batch":128,"lr":0.1,"weight_decay":0.0,"seed":1,"smoke":false},"metrics":{"ep_train_loss":[6.061,1.9376,1.594,1.3815,1.1562,0.9706,0.85393,0.84778,0.9792,0.82605,0.78492,0.68246,0.67381,0.56565,0.50487,0.49556,0.47982,0.58049,0.51721,0.5324,0.40496,0.37337,0.32717,0.87668,0.84589,0.51273,0.41826,0.36912,0.33772,0.31391,0.28524,0.26914,0.24898,0.23551,0.21916,0.2097,0.20028,0.18544,0.18002,0.16781,0.15826,0.1492,0.1447,0.13672,0.13188,0.12527,0.11664,0.11623,0.10881,0.10424,0.097161,0.091428,0.095394,0.082934,0.083026,0.074659,0.078146,0.075442,0.070147,0.065751,0.061924,0.064626,0.057705,0.058749,0.05806,0.054635,0.05178,0.053123,0.050471,0.0443,0.0461,0.043691,0.038105,0.042803,0.040847,0.043129,0.037429,0.036966,0.033995,0.033749,0.021876,0.013481,0.011547,0.010715,0.0099912,0.0086449,0.0088894,0.008021,0.0069731,0.0075404,0.0070756,0.0070096,0.007268,0.0063094,0.0060514,0.0055894,0.005706,0.0055286,0.0054024,0.0052816,0.0057008,0.0052294,0.0046688,0.0048969,0.0045169,0.0042656,0.0044384,0.0044601,0.0043808,0.0046161,0.0041479,0.0041993,0.0044248,0.004279,0.0037174,0.0036808,0.0038094,0.0032527,0.0037459,0.0034117,0.0038429,0.0037468,0.0034884,0.0037967,0.0034754,0.0027072,0.0033478,0.0031599,0.0030523,0.0032676,0.0030876,0.0030434,0.0031229,0.0033673,0.0034603,0.0029898,0.0028885,0.0028621,0.0031308,0.0030684,0.0030903,0.0032834,0.0030968,0.0030435,0.0033371,0.0028772,0.0030171,0.0027852,0.0030747,0.0034028,0.0031278,0.0030042,0.0030247,0.0029819,0.0032235,0.0032806,0.002916,0.002999,0.0030113,0.0033344],"ep_train_err":[0.82121,0.69559,0.56841,0.47895,0.39667,0.33051,0.2844,0.27833,0.31294,0.26587,0.24986,0.21753,0.21577,0.18409,0.16629,0.16208,0.15677,0.18183,0.17085,0.16719,0.13758,0.12512,0.11174,0.31166,0.29629,0.17845,0.14391,0.12935,0.11514,0.10847,0.10034,0.093389,0.086118,0.082652,0.076843,0.073337,0.069631,0.064864,0.06254,0.059375,0.05625,0.052985,0.051603,0.048718,0.045974,0.044531,0.041266,0.040565,0.038642,0.036859,0.034115,0.032993,0.033113,0.029547,0.029387,0.026623,0.027945,0.026783,0.02522,0.023417,0.021635,0.022716,0.020853,0.020493,0.021114,0.01879,0.018109,0.017869,0.017889,0.015304,0.016266,0.015345,0.013361,0.015304,0.014403,0.015064,0.013081,0.0127,0.011799,0.011839,0.0071314,0.004367,0.0033253,0.0032652,0.0032652,0.0024239,0.0026843,0.0021835,0.0019231,0.0021434,0.0020433,0.001883,0.0021835,0.0017027,0.0017027,0.0015825,0.0015625,0.0015425,0.0014223,0.0015625,0.0018029,0.0014423,0.0013421,0.0014223,0.0012019,0.0010216,0.0010617,0.0013021,0.0011018,0.0013021,0.00098157,0.0010617,0.0013822,0.0012019,0.00092147,0.0010216,0.0010016,0.00068109,0.00092147,0.00086138,0.00092147,0.00098157,0.00096154,0.0010216,0.00092147,0.00052083,0.00072115,0.00070112,0.00076122,0.00094151,0.00080128,0.00064103,0.00068109,0.00096154,0.0010417,0.00070112,0.00064103,0.00070112,0.00082131,0.00082131,0.00074119,0.00086138,0.00066106,0.00064103,0.0010216,0.00072115,0.00082131,0.00076122,0.00066106,0.00084135,0.00072115,0.00074119,0.00080128,0.00064103,0.00076122,0.00098157,0.00060096,0.00070112,0.00070112,0.00096154],"ep_test_acc":[0.2342,0.387,0.4799,0.5364,0.6145,0.6246,0.7338,0.6613,0.7356,0.7563,0.7719,0.793,0.791,0.8128,0.8231,0.8301,0.8065,0.7611,0.8203,0.831,0.8395,0.8529,0.8542,0.5137,0.8004,0.8018,0.8443,0.849,0.8444,0.8629,0.8607,0.8559,0.87,0.8732,0.8739,0.8667,0.8681,0.8771,0.8677,0.8749,0.8812,0.8827,0.8806,0.8798,0.8773,0.8801,0.878,0.8825,0.8804,0.881,0.8883,0.8876,0.8813,0.8889,0.8841,0.8879,0.8865,0.8877,0.8869,0.8893,0.8926,0.8931,0.8937,0.8824,0.8921,0.8891,0.8887,0.8887,0.8937,0.891,0.8926,0.8934,0.8943,0.8911,0.8941,0.8943,0.8951,0.8927,0.8946,0.8936,0.9022,0.9023,0.9042,0.9046,0.9066,0.906,0.905,0.9057,0.9045,0.907,0.9067,0.907,0.907,0.9063,0.9085,0.9096,0.9095,0.9078,0.9079,0.9075,0.9069,0.9073,0.9081,0.9075,0.9071,0.9068,0.9068,0.9076,0.9068,0.907,0.9068,0.907,0.9071,0.9075,0.9083,0.9065,0.9073,0.9076,0.907,0.9078,0.9066,0.9076,0.907,0.9065,0.9074,0.9075,0.9073,0.9064,0.9063,0.907,0.9068,0.9073,0.9071,0.9068,0.907,0.9066,0.9061,0.9077,0.9068,0.9067,0.907,0.9071,0.9066,0.907,0.907,0.9079,0.9076,0.9067,0.9079,0.9067,0.9084,0.9065,0.9072,0.9069,0.9077,0.907,0.9072,0.9067,0.9068,0.9079],"ep_test_ece":[0.29088,0.32219,0.32954,0.3462,0.30356,0.306,0.20707,0.26492,0.21102,0.19992,0.19038,0.17372,0.17849,0.16387,0.15287,0.14555,0.16927,0.20659,0.15928,0.1482,0.14033,0.13017,0.12972,0.37741,0.17759,0.17508,0.13981,0.13676,0.14028,0.12397,0.12581,0.13066,0.11829,0.11498,0.1141,0.12168,0.1199,0.11162,0.12053,0.11388,0.10882,0.10664,0.1086,0.10927,0.1124,0.10976,0.11105,0.10732,0.11022,0.10883,0.10311,0.10321,0.11017,0.1017,0.10615,0.10366,0.10521,0.1028,0.10448,0.10116,0.098803,0.09773,0.097176,0.10875,0.099557,0.10191,0.10242,0.10164,0.098043,0.10079,0.098092,0.099274,0.0982,0.10045,0.098255,0.098192,0.096109,0.09873,0.097996,0.098628,0.089437,0.089935,0.087722,0.087376,0.085912,0.086557,0.087437,0.086529,0.087904,0.085423,0.086126,0.085409,0.085724,0.086191,0.084892,0.083245,0.083768,0.085399,0.085055,0.085385,0.085603,0.085126,0.085082,0.085074,0.085484,0.086838,0.086024,0.084931,0.085975,0.085227,0.085654,0.085463,0.085182,0.08522,0.084656,0.08665,0.086162,0.084919,0.085919,0.08556,0.086297,0.085351,0.085813,0.086537,0.085637,0.085256,0.085673,0.086398,0.087304,0.085753,0.086109,0.08538,0.085727,0.086023,0.085839,0.086777,0.086683,0.08499,0.085929,0.085961,0.085618,0.086321,0.086498,0.085721,0.085798,0.084682,0.085341,0.086361,0.085123,0.086203,0.084134,0.08603,0.085489,0.085864,0.085051,0.085925,0.085213,0.085881,0.085921,0.085544],"ep_rho_logit":[0.55201,0.36836,0.38125,0.20256,0.16593,0.16906,0.29212,0.2258,0.16509,0.32159,0.25945,0.32661,0.17734,0.22799,0.27064,0.20292,0.36008,0.30455,0.23374,0.24809,0.22672,0.25659,0.17645,0.23803,0.21046,0.2012,0.18365,0.30253,0.22913,0.1826,0.21829,0.25143,0.25566,0.22316,0.25825,0.30477,0.22873,0.2167,0.22111,0.25155,0.29193,0.24313,0.22982,0.24062,0.27945,0.23478,0.23488,0.21524,0.2659,0.26193,0.26233,0.22779,0.2544,0.22285,0.22857,0.21979,0.21149,0.23039,0.2395,0.19987,0.24173,0.25166,0.19017,0.19144,0.25201,0.2562,0.20545,0.21774,0.25591,0.22916,0.26669,0.259,0.22385,0.24119,0.18816,0.28925,0.21064,0.2183,0.25709,0.27896,0.23465,0.20689,0.27492,0.24709,0.34718,0.28361,0.22238,0.26919,0.28722,0.25036,0.28255,0.25727,0.18189,0.27816,0.33426,0.30929,0.18347,0.17651,0.22486,0.20933,0.22679,0.33985,0.29286,0.30651,0.37991,0.25621,0.20131,0.24944,0.2837,0.28025,0.33688,0.30349,0.24837,0.26747,0.2179,0.24539,0.28005,0.20993,0.21644,0.25851,0.2695,0.28117,0.23121,0.28634,0.41901,0.25285,0.25833,0.31878,0.31802,0.27122,0.29991,0.32894,0.33417,0.23552,0.43322,0.36085,0.25629,0.25292,0.33851,0.32639,0.2047,0.21179,0.26346,0.213,0.2215,0.40537,0.25551,0.21683,0.22071,0.24199,0.23113,0.23598,0.25973,0.30325,0.22332,0.40951,0.41025,0.37123,0.36705],