{"config":{"arm":"label_smoothing","loss":"ce","label_smoothing":0.1,"epochs":160,"batch":128,"lr":0.1,"weight_decay":0.0,"seed":2,"smoke":false},"metrics":{"ep_train_loss":[2.0723,1.6624,1.4513,1.2739,1.1445,1.0492,0.97699,0.92083,0.88124,0.84247,0.8217,0.78994,0.77061,0.75076,0.73424,0.71631,0.70069,0.68758,0.67434,0.66079,0.65492,0.6437,0.63284,0.62414,0.61639,0.60888,0.60151,0.59589,0.58864,0.58233,0.57552,0.57438,0.56485,0.56271,0.55908,0.55446,0.55269,0.54958,0.54261,0.5443,0.53944,0.53709,0.53643,0.53392,0.5324,0.53446,0.53042,0.52824,0.52606,0.52421,0.52402,0.52222,0.52466,0.52283,0.52067,0.51905,0.51759,0.51726,0.51722,0.51615,0.51557,0.51497,0.51206,0.51419,0.51167,0.51203,0.51378,0.51211,0.51208,0.51053,0.51245,0.51129,0.51186,0.51029,0.50996,0.5082,0.51013,0.51045,0.50763,0.50781,0.50595,0.50426,0.50388,0.5034,0.50313,0.50316,0.50299,0.50304,0.50266,0.50273,0.50263,0.50266,0.50247,0.50258,0.50238,0.50249,0.50248,0.50228,0.50228,0.50224,0.50226,0.50227,0.50215,0.50216,0.50231,0.5021,0.50229,0.50202,0.50226,0.50212,0.50214,0.50189,0.50204,0.5021,0.5021,0.50206,0.50188,0.50188,0.50203,0.50193,0.50191,0.50195,0.50184,0.50207,0.50182,0.50189,0.50185,0.50191,0.50199,0.50195,0.50194,0.502,0.5019,0.5018,0.50189,0.50189,0.5019,0.50186,0.50194,0.50181,0.50171,0.50182,0.50187,0.5018,0.50192,0.5019,0.5019,0.50187,0.50193,0.50192,0.50194,0.50194,0.50191,0.50181,0.50191,0.50194,0.50174,0.50189,0.50194,0.5019],"ep_train_err":[0.71378,0.54409,0.43776,0.34567,0.28397,0.23746,0.20661,0.17939,0.1619,0.14649,0.1367,0.12206,0.11454,0.10509,0.096334,0.088421,0.083654,0.078225,0.071154,0.065925,0.062861,0.057612,0.053506,0.05028,0.046194,0.042248,0.039283,0.03726,0.034475,0.03129,0.028886,0.028065,0.024139,0.022817,0.021054,0.019531,0.019431,0.017668,0.014764,0.015385,0.013221,0.01232,0.0126,0.010837,0.010897,0.011879,0.0097957,0.0092348,0.0083133,0.0074519,0.0073117,0.0067508,0.008153,0.0070913,0.0062901,0.0058494,0.005008,0.0051683,0.0053085,0.0044471,0.0045873,0.0042468,0.003125,0.0040264,0.0028446,0.0031651,0.0041266,0.0033454,0.0032051,0.0028045,0.0036659,0.0033253,0.0033654,0.0027043,0.0026042,0.0021034,0.0028646,0.0030649,0.001883,0.001863,0.0011819,0.00060096,0.00048077,0.00030048,0.00034054,0.00026042,0.00022035,0.00026042,0.00020032,0.00014022,0.00016026,0.00016026,0.00010016,0.00018029,0.00010016,0.00018029,0.00014022,0.00010016,0.00010016,4.0064e-05,0.00010016,0.00014022,8.0128e-05,6.0096e-05,0.00018029,8.0128e-05,0.00014022,6.0096e-05,0.00018029,8.0128e-05,0.00012019,4.0064e-05,6.0096e-05,8.0128e-05,0.00012019,0.00016026,2.0032e-05,4.0064e-05,8.0128e-05,8.0128e-05,6.0096e-05,0.00010016,6.0096e-05,0.00010016,6.0096e-05,4.0064e-05,6.0096e-05,0.00012019,0.00010016,0.00012019,8.0128e-05,0.00010016,8.0128e-05,2.0032e-05,6.0096e-05,4.0064e-05,6.0096e-05,4.0064e-05,0.00012019,8.0128e-05,0.0,6.0096e-05,8.0128e-05,2.0032e-05,0.00012019,6.0096e-05,8.0128e-05,0.00010016,0.00010016,6.0096e-05,0.00010016,8.0128e-05,6.0096e-05,6.0096e-05,6.0096e-05,8.0128e-05,0.0,4.0064e-05,8.0128e-05,0.00012019],"ep_test_acc":[0.4021,0.5078,0.5987,0.675,0.7294,0.7818,0.7988,0.7964,0.8357,0.8265,0.8443,0.8579,0.8556,0.8635,0.874,0.8721,0.881,0.8835,0.881,0.8911,0.8926,0.8903,0.8897,0.9035,0.8988,0.8947,0.8962,0.9048,0.8967,0.9083,0.8967,0.9012,0.9113,0.9102,0.9071,0.9099,0.9068,0.9108,0.9135,0.9074,0.9139,0.9168,0.9154,0.9119,0.9116,0.9141,0.9168,0.9172,0.916,0.9086,0.9178,0.9159,0.9176,0.9135,0.9158,0.9203,0.9184,0.9166,0.9175,0.9193,0.9193,0.9174,0.9209,0.9193,0.9193,0.9236,0.9215,0.9201,0.9225,0.9222,0.9219,0.9208,0.9232,0.924,0.924,0.9218,0.9214,0.9226,0.9207,0.9164,0.9286,0.9298,0.9302,0.9299,0.9297,0.9308,0.9315,0.9315,0.9318,0.9315,0.9317,0.9299,0.9315,0.9323,0.9322,0.9316,0.9312,0.9321,0.9312,0.9329,0.9329,0.9328,0.9323,0.9328,0.9311,0.9316,0.9315,0.9319,0.9317,0.9326,0.9321,0.9321,0.9323,0.9313,0.9324,0.9314,0.9319,0.9315,0.932,0.9313,0.9324,0.9325,0.9317,0.9318,0.9319,0.9322,0.9317,0.9323,0.9323,0.9315,0.9316,0.932,0.9315,0.9322,0.932,0.9325,0.9322,0.9319,0.9317,0.9329,0.9322,0.9322,0.9322,0.9326,0.9329,0.9314,0.9328,0.9318,0.9319,0.9313,0.9321,0.9318,0.9319,0.9328,0.9323,0.9323,0.9319,0.9323,0.9321,0.9327],"ep_test_ece":[0.015959,0.04781,0.02899,0.034841,0.047006,0.066937,0.060454,0.058851,0.072768,0.053684,0.060379,0.082654,0.046344,0.0553,0.055723,0.050728,0.054307,0.054286,0.052988,0.050707,0.058467,0.072099,0.045099,0.055858,0.04782,0.0568,0.047852,0.057476,0.047905,0.052923,0.050405,0.053405,0.05698,0.054339,0.052317,0.050419,0.057886,0.046642,0.052954,0.058199,0.056837,0.057007,0.05752,0.061077,0.058608,0.058218,0.05817,0.05616,0.061234,0.052776,0.059421,0.055793,0.056639,0.056213,0.06463,0.059579,0.062022,0.06269,0.055677,0.061891,0.060087,0.058661,0.063847,0.06272,0.065919,0.060159,0.066096,0.059314,0.067569,0.063302,0.063096,0.060563,0.062374,0.061722,0.062304,0.061827,0.068891,0.065955,0.057759,0.065408,0.068602,0.067849,0.071031,0.070169,0.070553,0.071369,0.070669,0.072509,0.070634,0.068879,0.071168,0.068275,0.067192,0.070794,0.06953,0.070555,0.071523,0.069757,0.069494,0.069872,0.073435,0.071898,0.072128,0.071094,0.072103,0.073789,0.071865,0.072203,0.070654,0.071302,0.07315,0.07138,0.072593,0.072408,0.073966,0.07142,0.072211,0.072584,0.072139,0.072416,0.072806,0.070161,0.071005,0.06996,0.072116,0.068725,0.072943,0.073556,0.069966,0.069962,0.071672,0.071039,0.07313,0.072265,0.071695,0.069694,0.070916,0.071574,0.070347,0.072463,0.071308,0.070191,0.071557,0.071708,0.073179,0.073958,0.072194,0.070878,0.073524,0.07179,0.073667,0.073587,0.07238,0.072142,0.071455,0.072607,0.071815,0.070819,0.069965,0.073044],"ep_rho_logit":[0.2356,0.17757,0.19063,0.18002,0.17072,0.13227,0.15262,0.18154,0.15133,0.15012,0.19508,0.13052,0.1412,0.13345,0.17844,0.18267,0.14998,0.14651,0.15132,0.14763,0.19826,0.16389,0.17353,0.15826,0.1878,0.22578,0.18614,0.15586,0.14236,0.18345,0.19374,0.18385,0.1676,0.1706,0.18644,0.18582,0.16689,0.18311,0.17604,0.16263,0.18995,0.17586,0.22153,0.14233,0.20222,0.1679,0.21612,0.21992,0.14991,0.22776,0.21318,0.16755,0.25841,0.27395,0.20297,0.20907,0.16139,0.2743,0.27711,0.16374,0.17873,0.23811,0.20948,0.1992,0.17633,0.2582,0.25476,0.25782,0.21566,0.24205,0.21766,0.24989,0.19903,0.23192,0.23157,0.32733,0.22411,0.19116,0.28959,0.28799,0.14485,0.21953,0.2544,0.15128,0.2028,0.24551,0.20733,0.13994,0.13927,0.14156,0.17846,0.15555,0.26149,0.16703,0.14383,0.092402,0.15183,0.097157,0.13918,0.35826,0.25107,0.2192,0.089611,0.13268,0.18033,0.15519,0.30609,0.25511,0.20398,0.26571,0.16177,0.13457,0.15734,0.2236,0.16623,0.11651,0.16143,0.22826,0.20808,0.16652,0.32093,0.15861,0.14126,0.12005,0.26335,0.3843,0.14299,0.3438,0.13081,0.15485,0.12935,0.12959,0.17258,0.18584,0.21048,0.26586,0.14353,0.18886,0.15337,0.30854,0.2841,0.23311,0.24969,0.16602,0.1502,0.14469,0.18832,0.12894,0.19471,0.25997,0.13523,0.13977,0.15355,0.20278,0.17174,0.1588,0.13404,0.21671,0.40442],