{"config":{"arm":"logitnorm","loss":"logitnorm","tau":0.04,"epochs":160,"batch":128,"lr":0.1,"weight_decay":0.0,"seed":2,"smoke":false},"metrics":{"ep_train_loss":[4.7059,1.8225,1.5341,1.3106,1.3052,1.4465,1.1175,1.0368,0.89347,0.80349,0.84864,0.69889,0.63348,0.54883,0.50413,0.45668,0.42503,0.40065,0.6333,0.44392,0.37707,0.33691,0.31115,0.29159,0.29224,0.26135,0.24208,0.23048,0.21314,0.19707,0.18604,0.18134,0.16683,0.16079,0.15435,0.14075,0.13821,0.12735,0.12206,0.11255,0.11011,0.10045,0.099397,0.097837,0.088934,0.089091,0.080948,0.077198,0.074268,0.072662,0.067323,0.068809,0.063511,0.061075,0.061215,0.054841,0.053516,0.046703,0.050301,0.051655,0.045034,0.043065,0.045769,0.040935,0.040292,0.038658,0.041014,0.036627,0.033826,0.031211,0.035946,0.032408,0.034574,0.033032,0.030869,0.026101,0.028259,0.027437,0.031114,0.025977,0.014714,0.010985,0.0084385,0.0076201,0.0067378,0.0068177,0.0056237,0.0051313,0.0053317,0.0048165,0.0046564,0.0045533,0.0050044,0.0039385,0.0039392,0.0039762,0.0036906,0.003216,0.0035239,0.0035114,0.0032137,0.0032249,0.0028245,0.0031649,0.0031932,0.003013,0.0025125,0.0026175,0.0025195,0.0025716,0.0024151,0.0025873,0.0026477,0.0020167,0.0024129,0.0021458,0.0025507,0.0020494,0.0021106,0.002431,0.0022486,0.0019964,0.0021452,0.0024617,0.0022288,0.0018467,0.0020506,0.0019814,0.0023114,0.0020247,0.0018602,0.002305,0.0020039,0.0019689,0.0021467,0.0022747,0.0019615,0.0019159,0.0020365,0.002052,0.0020715,0.0020165,0.001525,0.0019002,0.0020087,0.0020016,0.0018586,0.0020399,0.0019716,0.0018139,0.0018363,0.001726,0.0021972,0.0019531,0.001879,0.0021887,0.0020063,0.0017911,0.002215,0.0018134],"ep_train_err":[0.81799,0.67005,0.56082,0.46657,0.44163,0.48524,0.38974,0.34629,0.30308,0.26877,0.28193,0.23395,0.21264,0.18438,0.17069,0.15439,0.14467,0.13548,0.20587,0.14906,0.12736,0.11432,0.10593,0.10296,0.099599,0.090845,0.083654,0.078686,0.075581,0.067889,0.063401,0.063502,0.057933,0.05629,0.055008,0.049639,0.049058,0.044191,0.044091,0.039143,0.038762,0.035657,0.035557,0.034635,0.03129,0.031851,0.028245,0.027284,0.027003,0.0253,0.023317,0.02482,0.022516,0.021795,0.021615,0.019231,0.01847,0.016647,0.017328,0.017889,0.016046,0.014543,0.015885,0.014022,0.013562,0.013982,0.014423,0.012901,0.012019,0.011058,0.012179,0.011378,0.01224,0.0122,0.010296,0.0093349,0.0098958,0.0096755,0.010397,0.0089543,0.0045272,0.0034255,0.002524,0.0021835,0.0019231,0.0021835,0.0015625,0.0011418,0.0015425,0.0013421,0.0011619,0.0011418,0.0013221,0.00090144,0.00098157,0.00096154,0.0010617,0.00076122,0.0010817,0.00088141,0.00086138,0.00070112,0.00054087,0.00076122,0.00088141,0.00078125,0.00058093,0.00062099,0.00046074,0.00066106,0.0005609,0.00072115,0.00066106,0.00040064,0.0005609,0.00036058,0.00062099,0.00044071,0.00044071,0.00058093,0.00052083,0.00038061,0.00048077,0.00058093,0.00044071,0.00030048,0.00038061,0.00036058,0.00052083,0.00044071,0.00058093,0.00046074,0.00042067,0.00040064,0.00042067,0.00048077,0.00046074,0.00042067,0.00040064,0.00046074,0.00052083,0.00046074,0.00018029,0.00036058,0.00046074,0.0005008,0.00034054,0.00048077,0.00042067,0.00044071,0.00038061,0.00028045,0.0005008,0.00044071,0.00036058,0.0005008,0.00042067,0.00030048,0.00058093,0.00028045],"ep_test_acc":[0.2593,0.3875,0.4529,0.5852,0.4854,0.5601,0.6241,0.6158,0.7033,0.7415,0.7432,0.7766,0.7893,0.7744,0.8151,0.8296,0.8243,0.8412,0.8019,0.8418,0.8346,0.8421,0.8516,0.8654,0.8659,0.8649,0.8616,0.8602,0.8681,0.8692,0.8713,0.8606,0.8765,0.8742,0.8705,0.8766,0.876,0.8832,0.874,0.8856,0.8817,0.8911,0.8815,0.8787,0.8783,0.8839,0.8847,0.8829,0.8872,0.8857,0.8911,0.8925,0.8864,0.8883,0.8831,0.8884,0.8879,0.8898,0.8883,0.8906,0.8939,0.8883,0.888,0.8931,0.8939,0.893,0.8928,0.8954,0.8935,0.8959,0.8942,0.8944,0.8978,0.8921,0.8988,0.8935,0.8938,0.8949,0.8916,0.894,0.9042,0.9045,0.9055,0.9053,0.9049,0.9068,0.907,0.907,0.9075,0.9055,0.9066,0.9054,0.9072,0.907,0.907,0.9063,0.9069,0.9069,0.9047,0.9071,0.9073,0.9077,0.9071,0.9078,0.9062,0.9071,0.907,0.9075,0.9079,0.9075,0.9068,0.9071,0.9077,0.9064,0.9079,0.9069,0.9064,0.9071,0.9071,0.9059,0.9067,0.9068,0.9068,0.9063,0.9076,0.9066,0.9082,0.9066,0.9067,0.907,0.9056,0.9071,0.9069,0.9064,0.908,0.9062,0.9071,0.9075,0.9079,0.9075,0.9079,0.9075,0.9076,0.9071,0.9074,0.9087,0.9083,0.9082,0.9073,0.907,0.9074,0.9079,0.9075,0.9079,0.9081,0.9069,0.907,0.9074,0.9066,0.9079],"ep_test_ece":[0.39137,0.34672,0.36729,0.29613,0.38211,0.34768,0.30652,0.32419,0.25288,0.22156,0.22057,0.19382,0.18365,0.20116,0.1628,0.15167,0.15831,0.1398,0.17826,0.14168,0.14979,0.1416,0.13367,0.12053,0.12005,0.1232,0.12559,0.12801,0.1191,0.11766,0.11676,0.12661,0.11145,0.11358,0.11909,0.11309,0.11421,0.10641,0.11553,0.1049,0.10784,0.099732,0.10852,0.11062,0.11206,0.10676,0.10583,0.10733,0.10296,0.1048,0.10035,0.098134,0.1043,0.10231,0.10731,0.10241,0.10229,0.101,0.10302,0.10066,0.096228,0.10301,0.10276,0.098536,0.098205,0.097688,0.098796,0.09677,0.097798,0.09595,0.097103,0.096842,0.092811,0.099187,0.092621,0.098688,0.097744,0.096476,0.099333,0.097263,0.088349,0.088295,0.086585,0.087351,0.087285,0.085631,0.08518,0.085135,0.085334,0.08746,0.086071,0.086864,0.085209,0.085752,0.085692,0.085989,0.085832,0.08582,0.087679,0.085506,0.085888,0.085598,0.085962,0.085348,0.086357,0.086385,0.085824,0.085436,0.085038,0.085412,0.086166,0.085882,0.085276,0.08685,0.085415,0.086238,0.086506,0.085793,0.085974,0.087228,0.085983,0.085834,0.08581,0.086824,0.084969,0.08596,0.084365,0.086064,0.085952,0.085533,0.086755,0.085202,0.085339,0.086271,0.0852,0.086612,0.085609,0.085756,0.084859,0.085379,0.084849,0.085679,0.085538,0.085374,0.085255,0.08397,0.08406,0.084773,0.08589,0.085543,0.085244,0.085428,0.086013,0.08464,0.085042,0.085454,0.085342,0.08523,0.085819,0.084447],"ep_rho_logit":[0.41052,0.3522,0.31875,0.37485,0.46138,0.30023,0.24676,0.32981,0.17173,0.27962,0.35722,0.27168,0.28267,0.30081,0.31487,0.27392,0.29906,0.34036,0.26652,0.32745,0.28021,0.29636,0.3659,0.27386,0.32058,0.36964,0.28953,0.32081,0.30081,0.30354,0.31619,0.28762,0.39207,0.31548,0.31145,0.32873,0.29703,0.36031,0.30211,0.3875,0.3344,0.34007,0.31122,0.35928,0.29775,0.36214,0.29112,0.3262,0.37244,0.33392,0.30956,0.34513,0.40829,0.31608,0.31663,0.29799,0.35257,0.29151,0.30597,0.33328,0.30018,0.37683,0.30724,0.31836,0.35384,0.30338,0.30056,0.32478,0.30085,0.31798,0.307,0.34335,0.31957,0.28495,0.29979,0.33291,0.35042,0.27867,0.2705,0.30867,0.30776,0.36078,0.33881,0.32619,0.31649,0.28597,0.31098,0.35374,0.3538,0.37374,0.31925,0.34002,0.40256,0.27015,0.36315,0.39191,0.43182,0.31862,0.42972,0.3625,0.35458,0.41729,0.34925,0.37338,0.30964,0.37762,0.34515,0.31418,0.46821,0.33479,0.35329,0.32178,0.39101,0.41748,0.46294,0.43193,0.449,0.36336,0.32759,0.36559,0.42726,0.39971,0.37124,0.40268,0.36832,0.34368,0.40761,0.33811,0.30222,0.3666,0.35975,0.41969,0.32173,0.34146,0.34174,0.31382,0.37239,0.38473,0.42052,0.35665,0.45146,0.35381,0.33317,0.39367,0.26429,0.36672,0.3812,0.36744,0.46686,0.41433,0.36294,0.33792,0.38759,0.45963,0.42847,0.42254,0.30522,0.38201,0.27087],