{"config":{"arm":"temperature","loss":"temperature","temp_freeze_frac":0.5,"epochs":160,"batch":128,"lr":0.1,"weight_decay":0.0,"seed":2,"smoke":false},"metrics":{"ep_train_loss":[1.7669,1.105,0.81093,0.65028,0.54717,0.47892,0.42902,0.38219,0.3501,0.31674,0.29593,0.26989,0.25373,0.2333,0.21598,0.20353,0.18978,0.17429,0.16477,0.15394,0.14584,0.13367,0.12571,0.11619,0.11242,0.10325,0.09876,0.09061,0.08703,0.081376,0.077252,0.074823,0.068753,0.068925,0.062368,0.060456,0.058983,0.05596,0.049893,0.049969,0.047607,0.044672,0.044832,0.043173,0.039125,0.039129,0.036114,0.035983,0.034637,0.032518,0.031246,0.030784,0.029763,0.029568,0.02827,0.027157,0.025566,0.025347,0.025712,0.022695,0.023299,0.023517,0.023733,0.01919,0.020618,0.020268,0.020337,0.019301,0.018728,0.018426,0.018085,0.018476,0.017286,0.015433,0.015383,0.017221,0.016298,0.016527,0.01665,0.014322,0.0073998,0.0047462,0.0040141,0.0030073,0.0024851,0.0028047,0.0022831,0.0021943,0.0021745,0.0015189,0.0014012,0.0017704,0.0017242,0.0014932,0.0013469,0.001581,0.001298,0.0012849,0.0016219,0.0010056,0.0012513,0.0012302,0.0011977,0.001216,0.00111,0.00087521,0.0010719,0.0010479,0.0011709,0.0011501,0.00086675,0.00080033,0.0008305,0.0007869,0.00086372,0.00075908,0.0009472,0.00079217,0.00076702,0.00087279,0.00083614,0.00073566,0.00063104,0.00073004,0.0010281,0.00065523,0.00062141,0.00067582,0.00079576,0.00073205,0.00083451,0.00077044,0.00056599,0.00073358,0.00075461,0.00069559,0.00066903,0.00073084,0.00060923,0.00068171,0.00064714,0.00068891,0.00076214,0.00057618,0.00079716,0.00074397,0.00076926,0.00070771,0.0007217,0.00069304,0.00088302,0.00087416,0.00080551,0.00069107,0.00072571,0.00077955,0.00069299,0.000614,0.0006688,0.00062894],"ep_train_err":[0.6619,0.4006,0.28419,0.22578,0.18954,0.16711,0.14898,0.13063,0.12099,0.10976,0.10218,0.094872,0.088281,0.081771,0.076683,0.071595,0.066587,0.060697,0.058293,0.055168,0.051402,0.047135,0.044231,0.041627,0.039103,0.036999,0.035216,0.03139,0.030509,0.028506,0.027224,0.026963,0.023818,0.023998,0.022356,0.021414,0.021334,0.019611,0.017268,0.017388,0.016466,0.015865,0.016406,0.015585,0.013562,0.013161,0.01232,0.01234,0.012179,0.011839,0.010777,0.010617,0.010357,0.0099559,0.0097957,0.0093149,0.0091947,0.0088942,0.0093149,0.0078526,0.0084335,0.0080729,0.0078325,0.0065705,0.007492,0.0069111,0.0070713,0.0065304,0.0067708,0.0063502,0.0060296,0.00623,0.0062099,0.0051082,0.0054087,0.0060096,0.0052885,0.0057893,0.0054888,0.0050681,0.0023437,0.0015024,0.001222,0.00070112,0.00070112,0.00086138,0.0005609,0.00052083,0.00064103,0.00036058,0.00030048,0.00042067,0.00052083,0.00044071,0.00030048,0.00044071,0.00024038,0.00022035,0.00042067,0.00024038,0.00036058,0.00028045,0.00028045,0.00038061,0.00018029,6.0096e-05,0.00030048,0.00030048,0.00028045,0.00032051,0.00018029,0.00022035,0.00014022,0.00016026,0.00022035,0.00016026,0.00028045,0.00014022,0.00014022,0.00018029,0.00018029,0.00014022,8.0128e-05,6.0096e-05,0.00026042,0.00014022,8.0128e-05,0.00016026,0.00014022,0.00014022,0.00014022,0.00016026,2.0032e-05,6.0096e-05,0.00020032,0.00010016,8.0128e-05,0.00020032,8.0128e-05,0.00010016,0.00010016,0.00014022,0.00014022,2.0032e-05,0.00014022,0.00012019,0.00016026,0.00014022,0.00018029,0.00018029,0.00028045,0.00018029,0.00020032,0.00016026,0.00016026,0.00016026,0.00016026,0.00010016,0.00010016,8.0128e-05],"ep_test_acc":[0.4988,0.5965,0.7411,0.7691,0.8058,0.8161,0.8437,0.8403,0.8487,0.8603,0.8746,0.8665,0.8589,0.8875,0.8763,0.8835,0.8787,0.8867,0.8938,0.9008,0.8826,0.8957,0.8807,0.8994,0.8967,0.9057,0.8951,0.9069,0.9055,0.9027,0.9111,0.9059,0.9038,0.9121,0.9103,0.9027,0.9033,0.9121,0.9102,0.9097,0.9141,0.9166,0.9144,0.9161,0.9159,0.909,0.9177,0.9124,0.915,0.9194,0.9202,0.9232,0.9201,0.9217,0.9205,0.9197,0.9238,0.9209,0.9205,0.919,0.9239,0.9179,0.9225,0.921,0.9161,0.9178,0.9199,0.9203,0.9252,0.9158,0.92,0.9196,0.9242,0.9241,0.9221,0.9207,0.9237,0.9214,0.925,0.9218,0.9288,0.9309,0.932,0.9322,0.9328,0.9325,0.9321,0.9333,0.9333,0.9335,0.9338,0.9333,0.9346,0.9349,0.9352,0.9335,0.9355,0.9345,0.9341,0.9357,0.9353,0.9356,0.9359,0.9356,0.9355,0.9351,0.936,0.9354,0.9345,0.9347,0.9352,0.9351,0.9355,0.9353,0.936,0.9358,0.935,0.9352,0.9351,0.9356,0.9348,0.9352,0.9354,0.9352,0.936,0.9354,0.9358,0.9357,0.9357,0.9348,0.9356,0.9361,0.9363,0.9359,0.9348,0.9354,0.9354,0.9361,0.9359,0.9356,0.9355,0.936,0.9363,0.9358,0.9349,0.936,0.9356,0.9356,0.9366,0.9365,0.9356,0.9362,0.9362,0.936,0.9359,0.9353,0.9359,0.9358,0.9361,0.9363],"ep_test_ece":[0.42313,0.35964,0.22733,0.2038,0.17128,0.16092,0.13778,0.13866,0.13318,0.12213,0.11077,0.11737,0.12637,0.098399,0.10897,0.10371,0.10859,0.098631,0.093583,0.087407,0.10295,0.091538,0.10625,0.088759,0.090224,0.083417,0.092542,0.083055,0.083764,0.085736,0.078075,0.082989,0.084556,0.077802,0.079702,0.086721,0.08726,0.077747,0.079647,0.080371,0.07595,0.074526,0.076028,0.074779,0.074963,0.081887,0.073764,0.078866,0.075145,0.072764,0.071094,0.068886,0.071589,0.069655,0.070756,0.07161,0.06814,0.069704,0.070706,0.072149,0.067508,0.072495,0.069382,0.071571,0.074857,0.073196,0.071323,0.070958,0.066862,0.074996,0.070419,0.072226,0.068118,0.068039,0.069866,0.071093,0.067881,0.069736,0.067557,0.069456,0.063714,0.061514,0.060598,0.06068,0.060254,0.060245,0.060813,0.059764,0.060053,0.05986,0.059218,0.059738,0.058838,0.058601,0.058282,0.060292,0.057697,0.058896,0.059402,0.058443,0.058167,0.058096,0.05786,0.058178,0.058544,0.058355,0.058056,0.057938,0.059143,0.058758,0.058955,0.058762,0.058366,0.058889,0.058142,0.058187,0.059124,0.059517,0.059139,0.05895,0.059468,0.059379,0.058602,0.058821,0.057993,0.058643,0.05785,0.058407,0.058363,0.058968,0.0588,0.05872,0.058545,0.058006,0.059462,0.05833,0.05864,0.058114,0.058215,0.058505,0.058517,0.05846,0.057833,0.058422,0.059268,0.058349,0.058648,0.059076,0.058011,0.057655,0.058559,0.05813,0.057832,0.058095,0.058897,0.058829,0.058383,0.058116,0.058217,0.058006],"ep_rho_logit":[0.18981,0.25767,0.22149,0.20325,0.24741,0.27467,0.35535,0.29421,0.23565,0.25479,0.26911,0.20714,0.23717,0.28279,0.23133,0.16117,0.23284,0.26144,0.2917,0.25042,0.18112,0.25507,0.18931,0.19003,0.22527,0.19783,0.20283,0.27862,0.21185,0.21783,0.1878,0.20875,0.20706,0.21571,0.20812,0.21606,0.22053,0.22181,0.21463,0.17878,0.20286,0.21809,0.20929,0.21062,0.17972,0.17916,0.21323,0.17107,0.19703,0.1964,0.21325,0.18551,0.16537,0.17751,0.19926,0.19547,0.21191,0.20451,0.18767,0.17015,0.1892,0.17785,0.20707,0.19139,0.21552,0.17301,0.16815,0.17987,0.18739,0.23155,0.17685,0.18306,0.16475,0.16252,0.19442,0.20461,0.1703,0.22121,0.20236,0.14415,0.17045,0.19618,0.1654,0.17591,0.18936,0.20257,0.19708,0.26973,0.31197,0.24934,0.18512,0.16022,0.124,0.24659,0.2264,0.24235,0.27226,0.18448,0.25055,0.20507,0.15791,0.31053,0.10671,0.17859,0.23473,0.27596,0.20123,0.15033,0.19558,0.22601,0.26385,0.23373,0.28006,0.25644,0.18811,0.24052,0.20306,0.19932,0.17599,0.2162,0.15973,0.15481,0.21983,0.23556,0.19127,0.13766,0.26259,0.26803,0.3266,0.20631,0.23983,0.24065,0.1634,0.21271,0.17882,0.14355,0.24551,0.31456,0.20166,0.19728,0.23292,0.23402,0.14565,0.16816,0.14471,0.17447,0.172,0.23503,0.1443,0.19021,0.15359,0.17817,0.29195,0.32909,0.36057,0.20359,0.21097,0.31785,0.2744],