{"config":{"arm":"temperature","loss":"temperature","temp_freeze_frac":0.5,"epochs":160,"batch":128,"lr":0.1,"weight_decay":0.0,"seed":1,"smoke":false},"metrics":{"ep_train_loss":[1.6353,1.0464,0.76428,0.62283,0.53522,0.4675,0.41461,0.37713,0.34734,0.31907,0.29045,0.2671,0.24893,0.2298,0.21172,0.20025,0.18459,0.1734,0.16125,0.15094,0.14596,0.12888,0.12383,0.11702,0.11043,0.10186,0.09825,0.093495,0.086691,0.079392,0.080237,0.073927,0.069426,0.064857,0.062708,0.059378,0.058507,0.053252,0.054694,0.048101,0.047698,0.045454,0.043055,0.041155,0.03877,0.039435,0.036106,0.037033,0.03466,0.033548,0.031554,0.029248,0.030586,0.027515,0.030368,0.026222,0.028787,0.026283,0.023667,0.025334,0.023119,0.024302,0.0205,0.020634,0.020997,0.020367,0.019105,0.01843,0.020262,0.018098,0.020087,0.019167,0.015144,0.016959,0.016415,0.017098,0.015309,0.014852,0.014955,0.013071,0.0084228,0.0043505,0.0035315,0.0031645,0.0031226,0.0027418,0.0022672,0.0021391,0.0022105,0.001803,0.0021306,0.0014975,0.0018137,0.0013427,0.0015586,0.001447,0.0017576,0.0016944,0.0013792,0.0012038,0.0013194,0.001342,0.0013026,0.001064,0.001211,0.00091622,0.0011337,0.00096323,0.0010325,0.0010349,0.0010694,0.0010545,0.00081649,0.00094731,0.00089346,0.00089048,0.00085756,0.00093498,0.0010231,0.00070946,0.00074195,0.00068554,0.0009619,0.00089725,0.00070819,0.00075633,0.00078129,0.00074818,0.00082847,0.00076814,0.0007927,0.00064153,0.00071692,0.00087473,0.00057239,0.00083254,0.00067644,0.00064074,0.00075364,0.00063482,0.00070439,0.00081298,0.00067403,0.00070496,0.00070813,0.00075421,0.00082805,0.00067563,0.00070953,0.00094697,0.0007835,0.00080254,0.00075544,0.00068948,0.00081476,0.0007902,0.00058403,0.00065746,0.00075612,0.00079081],"ep_train_err":[0.61128,0.3745,0.26665,0.21462,0.18508,0.15972,0.14207,0.12983,0.11915,0.11066,0.1,0.091567,0.087179,0.080088,0.073658,0.069131,0.065004,0.059675,0.05621,0.053045,0.050841,0.045192,0.04403,0.041186,0.039223,0.036298,0.034395,0.033774,0.030889,0.028385,0.028185,0.026062,0.024439,0.023317,0.022236,0.021234,0.020573,0.019671,0.019451,0.016587,0.016386,0.016186,0.015505,0.014623,0.013061,0.013381,0.01258,0.012881,0.012019,0.011699,0.010777,0.0097556,0.010998,0.0098357,0.010757,0.0093349,0.0099559,0.0085337,0.0082131,0.0083934,0.0079327,0.0083934,0.0071114,0.006851,0.0072917,0.0067308,0.0066907,0.0060296,0.0071314,0.0066506,0.0071314,0.0067508,0.0052284,0.0060096,0.0055689,0.0059696,0.005649,0.0049279,0.0052684,0.0043069,0.0026442,0.0011619,0.00088141,0.00084135,0.00086138,0.00078125,0.00058093,0.00060096,0.0005609,0.00040064,0.0005008,0.00032051,0.00044071,0.00022035,0.00040064,0.00034054,0.00042067,0.00030048,0.00024038,0.00026042,0.00028045,0.00026042,0.00034054,0.00024038,0.00034054,0.00012019,0.00024038,0.00014022,0.00014022,0.00028045,0.00026042,0.00028045,0.00012019,0.00016026,0.00014022,0.00014022,0.00028045,0.00018029,0.00022035,0.00012019,8.0128e-05,8.0128e-05,0.00024038,0.00012019,0.00010016,0.00014022,0.00018029,0.00014022,0.00020032,0.00022035,0.00018029,8.0128e-05,0.00014022,0.00014022,4.0064e-05,0.00020032,0.00012019,0.00012019,0.00012019,0.00012019,8.0128e-05,0.00016026,0.00014022,6.0096e-05,6.0096e-05,0.00020032,0.00014022,0.00012019,0.00012019,0.00020032,0.00018029,0.00012019,0.00010016,0.00012019,0.00016026,0.00016026,0.0,4.0064e-05,0.00012019,0.00018029],"ep_test_acc":[0.5403,0.675,0.7404,0.7668,0.8077,0.8055,0.8372,0.8499,0.832,0.8696,0.8675,0.8793,0.8638,0.8706,0.8807,0.8887,0.8816,0.8851,0.8943,0.8877,0.8881,0.9021,0.9003,0.8931,0.9056,0.9071,0.9035,0.905,0.9076,0.9116,0.9069,0.9085,0.9095,0.9136,0.908,0.9118,0.9125,0.9102,0.9071,0.9141,0.9154,0.9103,0.9183,0.9177,0.9112,0.9135,0.9189,0.9124,0.9127,0.9155,0.9167,0.9221,0.9172,0.9132,0.9207,0.9172,0.9176,0.9157,0.9137,0.9187,0.9204,0.9197,0.9176,0.9174,0.92,0.921,0.9171,0.9232,0.9242,0.9221,0.9195,0.9213,0.9236,0.9219,0.9217,0.9228,0.924,0.9231,0.9244,0.9254,0.9295,0.9304,0.9309,0.9314,0.9314,0.9315,0.9316,0.9318,0.9327,0.9334,0.9337,0.9335,0.933,0.9336,0.9346,0.9337,0.9354,0.9343,0.9349,0.9344,0.9352,0.9348,0.9356,0.9346,0.935,0.9348,0.9347,0.935,0.9348,0.9361,0.936,0.9347,0.9344,0.9348,0.9346,0.9342,0.9342,0.935,0.9349,0.9348,0.9348,0.9343,0.934,0.9349,0.935,0.935,0.9348,0.9347,0.9347,0.9346,0.9339,0.9343,0.9351,0.9348,0.9341,0.9346,0.9346,0.9348,0.9345,0.9347,0.9345,0.9346,0.9351,0.9344,0.935,0.9347,0.9347,0.9343,0.9347,0.9341,0.9345,0.934,0.9343,0.9346,0.9351,0.9344,0.9344,0.9349,0.9348,0.9342],"ep_test_ece":[0.38973,0.28099,0.22658,0.20579,0.16894,0.17286,0.14421,0.13295,0.14921,0.11317,0.11469,0.1057,0.11931,0.11538,0.10476,0.097108,0.10494,0.10023,0.093989,0.098689,0.098662,0.08485,0.086979,0.093843,0.082723,0.081155,0.085519,0.083297,0.080996,0.07711,0.081868,0.080397,0.078786,0.075181,0.081089,0.078978,0.076978,0.079408,0.08265,0.076372,0.074959,0.080247,0.072364,0.073134,0.078788,0.076457,0.071584,0.076679,0.077865,0.075004,0.073251,0.068987,0.073418,0.078576,0.070168,0.074445,0.073837,0.074182,0.077358,0.072519,0.07047,0.071489,0.072708,0.074576,0.071602,0.069257,0.074351,0.067734,0.067532,0.068917,0.071324,0.070352,0.06712,0.069134,0.069981,0.068211,0.06747,0.067929,0.066899,0.066193,0.063066,0.06135,0.061224,0.060755,0.061009,0.060861,0.061064,0.06079,0.059729,0.059319,0.058837,0.058968,0.059593,0.058819,0.058444,0.058624,0.057298,0.058503,0.057923,0.05862,0.058078,0.057858,0.058057,0.058054,0.057787,0.058711,0.058031,0.057841,0.058397,0.05684,0.056497,0.058233,0.05889,0.058268,0.058417,0.058748,0.059112,0.058308,0.058039,0.058653,0.05869,0.058723,0.059506,0.058643,0.058774,0.058408,0.059201,0.059446,0.058615,0.059464,0.059216,0.059113,0.058087,0.059212,0.059362,0.059248,0.058509,0.058699,0.058977,0.058951,0.058958,0.058765,0.05806,0.05918,0.058236,0.05883,0.058839,0.059831,0.058365,0.059365,0.05875,0.059133,0.059203,0.059191,0.058169,0.059232,0.058971,0.058475,0.058633,0.059156],"ep_rho_logit":[0.25447,0.22254,0.20954,0.18097,0.24799,0.25785,0.23379,0.19305,0.22094,0.1846,0.29024,0.27873,0.22361,0.24908,0.25466,0.24555,0.245,0.25194,0.25965,0.205,0.25664,0.20665,0.24659,0.22017,0.17858,0.2642,0.18566,0.23742,0.2156,0.21063,0.18945,0.21745,0.21742,0.20824,0.17124,0.21148,0.20362,0.19766,0.23254,0.18326,0.24284,0.19252,0.20408,0.19442,0.19275,0.18285,0.2528,0.22276,0.17065,0.18917,0.19741,0.18463,0.19605,0.20669,0.18704,0.17987,0.20493,0.19212,0.17662,0.17858,0.17713,0.18603,0.19129,0.16534,0.2056,0.19604,0.19486,0.17846,0.18503,0.18131,0.1616,0.15964,0.20888,0.17968,0.1867,0.20165,0.16607,0.19105,0.16487,0.17425,0.18324,0.16639,0.29392,0.26267,0.20124,0.2247,0.15933,0.25528,0.19485,0.23397,0.25122,0.20731,0.12377,0.31031,0.35976,0.31655,0.16521,0.15178,0.17372,0.15988,0.21325,0.27813,0.17201,0.28168,0.32319,0.21949,0.18233,0.19299,0.19507,0.1934,0.21414,0.14714,0.17417,0.195,0.19226,0.18563,0.20425,0.19908,0.15402,0.18567,0.20751,0.1808,0.23864,0.19338,0.27978,0.17244,0.17889,0.26068,0.30122,0.17756,0.33887,0.2642,0.15715,0.12971,0.22532,0.20301,0.21023,0.22086,0.22573,0.2619,0.18633,0.16215,0.21935,0.20013,0.1843,0.17059,0.18785,0.13663,0.12933,0.18683,0.23189,0.27652,0.25935,0.19583,0.13961,0.20542,0.14101,0.23874,0.21567],