{"config":{"arm":"temperature","loss":"temperature","temp_freeze_frac":0.5,"epochs":160,"batch":128,"lr":0.1,"weight_decay":0.0,"seed":0,"smoke":false},"metrics":{"ep_train_loss":[1.864,1.0958,0.78852,0.63627,0.54559,0.47864,0.42923,0.39024,0.34862,0.32375,0.2927,0.27203,0.24964,0.23394,0.22234,0.20382,0.18823,0.17405,0.16311,0.15727,0.14802,0.133,0.12477,0.11561,0.10822,0.10245,0.097911,0.094838,0.087094,0.083431,0.075535,0.073903,0.071332,0.06774,0.060571,0.059288,0.056004,0.054938,0.051158,0.049733,0.04653,0.044488,0.04344,0.039531,0.039013,0.037298,0.037622,0.034824,0.032841,0.033242,0.031191,0.029321,0.029324,0.028959,0.028964,0.027891,0.02545,0.024062,0.02539,0.025239,0.024086,0.022161,0.023127,0.021431,0.021851,0.019873,0.018199,0.018706,0.017455,0.019409,0.015745,0.019183,0.01723,0.016003,0.016783,0.01792,0.017055,0.016501,0.01437,0.016068,0.0095389,0.0055233,0.0043628,0.0035049,0.0030206,0.0034966,0.0027982,0.0026154,0.0026849,0.0023501,0.0019283,0.0020055,0.0019769,0.0019665,0.0019105,0.0016775,0.0017933,0.0017491,0.0015537,0.0016252,0.0014394,0.0014556,0.0013339,0.0011388,0.0012077,0.0012472,0.0014939,0.0011385,0.0011067,0.0011402,0.0011017,0.0012971,0.0011976,0.0011889,0.0010233,0.0010281,0.001135,0.00095638,0.00091339,0.0010602,0.00089395,0.00094726,0.00085903,0.00097078,0.001002,0.000913,0.00090794,0.00078242,0.00080551,0.00074723,0.00078988,0.00093922,0.0009949,0.00081511,0.00090761,0.00094839,0.00076777,0.00086776,0.00099071,0.001065,0.00077978,0.00091938,0.00087322,0.00087256,0.00105,0.00082753,0.00096077,0.00085436,0.00094973,0.00079503,0.00086683,0.00075214,0.0010478,0.00091621,0.00078751,0.00080907,0.0009016,0.0009281,0.00084665,0.0010174],"ep_train_err":[0.68828,0.39527,0.27628,0.22059,0.1871,0.16442,0.14918,0.13562,0.12055,0.1114,0.10262,0.09347,0.087099,0.08139,0.078405,0.071915,0.065224,0.060617,0.058794,0.054447,0.052544,0.047015,0.045593,0.041026,0.038462,0.035657,0.034756,0.034515,0.030449,0.029327,0.026102,0.025641,0.025761,0.024239,0.021494,0.020913,0.020212,0.019371,0.017528,0.016747,0.016106,0.015585,0.015104,0.014223,0.013762,0.012901,0.013562,0.01232,0.011178,0.011378,0.010857,0.010477,0.010577,0.010076,0.010276,0.010156,0.0085337,0.0084335,0.0090345,0.0087941,0.0085136,0.0079127,0.0076322,0.0076522,0.0076923,0.006891,0.0062901,0.0066506,0.0059495,0.0064904,0.0052083,0.0066306,0.0058494,0.0055889,0.0059696,0.0063301,0.0059495,0.0053085,0.0047276,0.0058894,0.0032452,0.0017428,0.0012019,0.00074119,0.00064103,0.00094151,0.00062099,0.00054087,0.00066106,0.00040064,0.00038061,0.00030048,0.00044071,0.00038061,0.00046074,0.00028045,0.00044071,0.00044071,0.00030048,0.00026042,0.00024038,0.00030048,0.00028045,0.00012019,0.00016026,0.00020032,0.00034054,0.00016026,0.00010016,0.00022035,0.00020032,0.00032051,0.00028045,0.00020032,0.00024038,0.00020032,0.00020032,0.00010016,0.00014022,0.00024038,0.00016026,0.00014022,0.00014022,0.00014022,0.00028045,0.00014022,0.00012019,0.00010016,6.0096e-05,0.00010016,0.00012019,0.00016026,0.00012019,6.0096e-05,0.00014022,8.0128e-05,8.0128e-05,0.00014022,0.00014022,0.00022035,8.0128e-05,0.00014022,0.00010016,0.00012019,0.00016026,0.00014022,0.00018029,0.00012019,0.00014022,8.0128e-05,0.00018029,8.0128e-05,0.00022035,0.00016026,8.0128e-05,0.00010016,0.00014022,0.00018029,0.00012019,0.00022035],"ep_test_acc":[0.5075,0.5912,0.7335,0.7327,0.7943,0.8145,0.8299,0.8164,0.8476,0.8439,0.8674,0.8776,0.8532,0.8674,0.8833,0.8924,0.8841,0.8947,0.8758,0.8892,0.893,0.893,0.8991,0.893,0.8979,0.9023,0.9011,0.905,0.9075,0.904,0.9111,0.9116,0.918,0.9105,0.913,0.9094,0.914,0.9113,0.9119,0.9165,0.9078,0.9138,0.9154,0.9114,0.9109,0.9154,0.9145,0.9098,0.9105,0.9144,0.9163,0.9203,0.9204,0.9155,0.9134,0.9209,0.9145,0.9119,0.9177,0.9138,0.9165,0.9145,0.9189,0.9214,0.9175,0.9176,0.9145,0.9147,0.9157,0.9189,0.9172,0.9156,0.9181,0.9203,0.9135,0.921,0.9189,0.9234,0.9151,0.921,0.9279,0.9301,0.9321,0.9329,0.9327,0.9335,0.9339,0.933,0.9334,0.9332,0.9337,0.9331,0.9341,0.9332,0.9338,0.9344,0.9331,0.9341,0.9336,0.9331,0.935,0.9345,0.934,0.9336,0.9342,0.9342,0.9343,0.9343,0.9338,0.9347,0.9347,0.935,0.9348,0.9346,0.9354,0.9334,0.9352,0.9357,0.9339,0.9344,0.9352,0.9341,0.9345,0.935,0.935,0.9343,0.9348,0.9343,0.935,0.9342,0.9337,0.9335,0.9342,0.9343,0.9343,0.935,0.9355,0.9355,0.9352,0.9348,0.9347,0.9348,0.9335,0.9347,0.9338,0.9352,0.9347,0.9349,0.9351,0.9347,0.9345,0.9336,0.9355,0.9347,0.9343,0.9341,0.9353,0.9349,0.9358,0.9349],"ep_test_ece":[0.40589,0.35754,0.23396,0.2404,0.182,0.16586,0.15182,0.16398,0.13613,0.14144,0.11838,0.10706,0.13133,0.11785,0.10237,0.095389,0.10187,0.092591,0.11085,0.098904,0.09449,0.095672,0.089692,0.095161,0.090494,0.085519,0.088063,0.083744,0.081718,0.085466,0.079264,0.078864,0.072765,0.079027,0.078503,0.080748,0.076022,0.08036,0.07851,0.074272,0.082954,0.077196,0.074996,0.078553,0.07948,0.074959,0.076661,0.081215,0.081424,0.075779,0.075802,0.072263,0.071685,0.075052,0.077416,0.06962,0.076133,0.078849,0.073435,0.0771,0.075456,0.077661,0.072883,0.070459,0.073347,0.073119,0.076547,0.076303,0.075637,0.072154,0.074799,0.07597,0.073321,0.071204,0.078047,0.070941,0.072372,0.068725,0.075613,0.070094,0.064084,0.06133,0.060268,0.05892,0.059077,0.058933,0.058433,0.059702,0.059524,0.05954,0.059468,0.059907,0.05933,0.05996,0.060056,0.059235,0.060387,0.05918,0.059709,0.060855,0.058836,0.05912,0.059675,0.060404,0.059651,0.060484,0.05964,0.059648,0.060871,0.059476,0.058827,0.058885,0.05868,0.059261,0.058584,0.060386,0.058493,0.058034,0.06027,0.059703,0.058717,0.060165,0.059389,0.058968,0.058586,0.059409,0.059839,0.0597,0.059018,0.05973,0.060324,0.060334,0.060234,0.060044,0.059497,0.059203,0.058449,0.058667,0.058826,0.059294,0.060021,0.059222,0.060735,0.059421,0.060189,0.058719,0.0588,0.059255,0.059011,0.059281,0.059537,0.060566,0.058766,0.05921,0.059948,0.060135,0.05911,0.058899,0.058262,0.05916],"ep_rho_logit":[0.3455,0.25687,0.23509,0.25993,0.20097,0.22443,0.22965,0.22816,0.22503,0.24411,0.21068,0.21058,0.24567,0.22901,0.21849,0.26826,0.19625,0.23305,0.19928,0.25569,0.20445,0.2159,0.24025,0.21652,0.20347,0.1898,0.23762,0.2078,0.21269,0.2498,0.20547,0.23087,0.20228,0.20328,0.24233,0.20192,0.20495,0.16928,0.20209,0.18707,0.19256,0.1963,0.2328,0.19881,0.23823,0.23007,0.18581,0.20308,0.21017,0.1952,0.1989,0.20553,0.18601,0.19395,0.17877,0.17649,0.19136,0.2132,0.17213,0.18836,0.17622,0.16278,0.2083,0.18672,0.2138,0.17216,0.18783,0.18087,0.2222,0.21003,0.21073,0.17839,0.1865,0.20762,0.17438,0.16288,0.19259,0.19711,0.1773,0.18701,0.22029,0.19969,0.14181,0.21821,0.21893,0.2021,0.23488,0.19675,0.20284,0.16609,0.14478,0.1898,0.24493,0.17692,0.2163,0.27204,0.17503,0.21527,0.13707,0.22487,0.32096,0.17642,0.18565,0.22847,0.16208,0.1382,0.15348,0.2309,0.22447,0.19469,0.29511,0.33366,0.20557,0.26674,0.1773,0.28255,0.25436,0.2025,0.23738,0.18479,0.13333,0.19258,0.1774,0.2099,0.24687,0.2251,0.24996,0.17471,0.16073,0.2997,0.29755,0.29031,0.13817,0.18794,0.23295,0.30775,0.33563,0.33061,0.30344,0.24931,0.14393,0.30355,0.34591,0.33377,0.30604,0.29439,0.14649,0.26459,0.20308,0.22462,0.3193,0.26294,0.22494,0.19193,0.16723,0.18922,0.30623,0.24685,0.2579],