{"config":{"arm":"weight_decay","loss":"ce","epochs":160,"batch":128,"lr":0.1,"weight_decay":0.0005,"seed":2,"smoke":false},"metrics":{"ep_train_loss":[1.928,1.3985,1.1117,0.89971,0.73708,0.63618,0.57748,0.53596,0.51197,0.48249,0.469,0.45465,0.44135,0.4317,0.4222,0.40688,0.40598,0.39806,0.39337,0.3788,0.37925,0.37704,0.37591,0.37004,0.36461,0.35968,0.35274,0.35696,0.3599,0.34883,0.34901,0.34806,0.34473,0.34645,0.346,0.3369,0.33952,0.33989,0.3311,0.3375,0.33566,0.33563,0.33239,0.33168,0.33031,0.32843,0.32462,0.33014,0.32609,0.32809,0.33243,0.32804,0.32852,0.32785,0.32564,0.32154,0.32211,0.32634,0.32074,0.31569,0.32295,0.32618,0.31837,0.3189,0.32179,0.32116,0.32106,0.32119,0.31822,0.31382,0.31828,0.31467,0.31614,0.31718,0.31557,0.31178,0.3146,0.31539,0.31421,0.31569,0.16563,0.11832,0.097629,0.084734,0.074206,0.065689,0.060962,0.054125,0.048258,0.043043,0.040269,0.038167,0.03588,0.031766,0.031314,0.033911,0.032799,0.03034,0.030916,0.030794,0.031042,0.030608,0.031217,0.028119,0.034886,0.033236,0.033281,0.033928,0.036506,0.034194,0.035501,0.036334,0.041808,0.036565,0.042097,0.03889,0.040985,0.037485,0.039604,0.043958,0.021005,0.012208,0.010466,0.0083644,0.0079554,0.0072008,0.0063203,0.0057135,0.0059267,0.0056997,0.005165,0.0043226,0.00394,0.0041974,0.0041556,0.0038931,0.0036832,0.0035575,0.0035679,0.003655,0.0035422,0.0032699,0.0032492,0.0031689,0.0032136,0.0032093,0.0031578,0.0029446,0.0029965,0.0028616,0.0029655,0.002856,0.0026743,0.0026744,0.0025132,0.0026642,0.0026593,0.0026669,0.0024802,0.0027565],"ep_train_err":[0.70447,0.51538,0.40008,0.31801,0.25807,0.22001,0.1991,0.18458,0.17574,0.16294,0.1609,0.15525,0.151,0.14922,0.14295,0.1393,0.13856,0.13496,0.13285,0.12969,0.12821,0.12592,0.12782,0.12742,0.124,0.12185,0.12041,0.1224,0.12314,0.11865,0.11941,0.11967,0.11739,0.11773,0.11905,0.11328,0.11512,0.11621,0.11172,0.11416,0.11414,0.11358,0.11174,0.11286,0.11202,0.11078,0.10996,0.11362,0.11084,0.11222,0.1123,0.1125,0.11204,0.11354,0.11118,0.10966,0.1094,0.1097,0.10948,0.10671,0.11088,0.11054,0.10839,0.10871,0.10946,0.10942,0.10843,0.10954,0.10875,0.10603,0.10883,0.10719,0.10783,0.10651,0.10767,0.10621,0.10689,0.10723,0.10715,0.10759,0.054387,0.038542,0.032532,0.028045,0.02504,0.020994,0.019932,0.017989,0.015665,0.013922,0.013041,0.0127,0.010998,0.010256,0.010276,0.011098,0.010737,0.0098157,0.0096154,0.0098157,0.0097957,0.0094351,0.010256,0.0088341,0.011498,0.010637,0.010557,0.011198,0.011338,0.010837,0.011839,0.011819,0.013962,0.011558,0.013882,0.01228,0.013361,0.012139,0.013081,0.014784,0.0058894,0.0028245,0.0024439,0.0015625,0.0016226,0.0011819,0.0010417,0.00090144,0.00088141,0.0010216,0.00082131,0.0005609,0.00044071,0.00046074,0.00044071,0.00040064,0.00034054,0.00036058,0.00042067,0.00048077,0.00036058,0.00026042,0.00026042,0.00020032,0.00032051,0.00030048,0.00030048,0.00024038,0.00018029,0.00026042,0.00028045,0.00026042,0.00020032,0.00020032,0.00014022,0.00020032,0.00032051,0.00020032,0.00022035,0.00024038],"ep_test_acc":[0.4171,0.509,0.6402,0.7167,0.7523,0.7402,0.7791,0.6602,0.7295,0.7647,0.8029,0.7986,0.7985,0.7724,0.7813,0.8361,0.7817,0.8061,0.8152,0.776,0.7836,0.8088,0.8475,0.8404,0.8239,0.8547,0.8639,0.8156,0.8334,0.8354,0.866,0.8157,0.8535,0.8461,0.8321,0.8158,0.8185,0.787,0.8502,0.8532,0.8336,0.8248,0.8508,0.8175,0.8428,0.8594,0.8331,0.8201,0.784,0.8462,0.8321,0.8266,0.8135,0.8668,0.8512,0.8332,0.857,0.865,0.8355,0.838,0.8512,0.8387,0.8064,0.836,0.8627,0.8246,0.8253,0.8638,0.8431,0.8109,0.8442,0.8508,0.8599,0.8456,0.8552,0.8478,0.8306,0.8154,0.862,0.8221,0.9338,0.9368,0.9362,0.9404,0.9396,0.9392,0.9421,0.9448,0.9401,0.9439,0.9404,0.9426,0.9444,0.9428,0.9383,0.9413,0.9387,0.9415,0.9398,0.935,0.9356,0.9338,0.9411,0.9393,0.9391,0.9351,0.9331,0.9299,0.9363,0.9343,0.9356,0.9306,0.9326,0.934,0.9335,0.9287,0.9347,0.9246,0.9276,0.9236,0.9453,0.9464,0.9467,0.9486,0.9492,0.9491,0.9482,0.9494,0.9479,0.9488,0.9494,0.9494,0.9498,0.949,0.9494,0.9496,0.9494,0.9507,0.9506,0.951,0.9489,0.949,0.9496,0.9499,0.9504,0.9517,0.9505,0.9494,0.9516,0.9516,0.9499,0.9517,0.9526,0.951,0.9509,0.9515,0.9512,0.9517,0.951,0.9516],"ep_test_ece":[0.01574,0.037835,0.041649,0.046126,0.032992,0.040729,0.053162,0.14508,0.074438,0.057383,0.04965,0.03695,0.05049,0.061203,0.056275,0.044961,0.059507,0.052953,0.058024,0.090274,0.069385,0.067654,0.024007,0.034649,0.04224,0.025169,0.017267,0.032007,0.025305,0.040415,0.022179,0.063118,0.026247,0.028943,0.028273,0.051628,0.050403,0.088698,0.035235,0.020499,0.054876,0.049027,0.031357,0.056944,0.037858,0.026947,0.041679,0.058506,0.06819,0.036622,0.044047,0.048026,0.057964,0.024607,0.013079,0.044532,0.021761,0.033196,0.040591,0.05114,0.024417,0.014409,0.051271,0.04573,0.029098,0.054278,0.054311,0.026242,0.044046,0.05576,0.034523,0.033945,0.030573,0.032864,0.026175,0.028757,0.048115,0.064409,0.017242,0.055281,0.011995,0.014133,0.017298,0.018717,0.021096,0.023499,0.02159,0.020669,0.025185,0.024063,0.02753,0.027372,0.025077,0.030438,0.033312,0.027838,0.031421,0.02955,0.030646,0.036078,0.034871,0.035438,0.029678,0.030763,0.030588,0.032876,0.032862,0.038079,0.030667,0.033325,0.032099,0.032674,0.035426,0.032932,0.031942,0.036015,0.032755,0.039439,0.038856,0.039573,0.028075,0.027427,0.027991,0.02859,0.027419,0.026557,0.028009,0.027064,0.029141,0.028393,0.027679,0.028268,0.02746,0.028851,0.028512,0.028158,0.028304,0.026707,0.02701,0.026477,0.028912,0.0287,0.028588,0.028492,0.028759,0.026922,0.027187,0.028931,0.02665,0.026885,0.027239,0.026132,0.026916,0.027206,0.02714,0.02659,0.026939,0.02654,0.027047,0.025844],"ep_rho_logit":[0.2281,0.21164,0.17736,0.27621,0.24371,0.21517,0.28248,0.25426,0.40422,0.24849,0.32217,0.25314,0.3257,0.31853,0.21841,0.39472,0.38503,0.2616,0.26244,0.35292,0.31135,0.31167,0.2762,0.29983,0.27636,0.30907,0.30309,0.29294,0.2864,0.27567,0.28728,0.29491,0.28526,0.30992,0.25432,0.24046,0.26171,0.27371,0.31882,0.25954,0.27952,0.27638,0.24969,0.27184,0.27286,0.316,0.26596,0.31328,0.23764,0.3137,0.39043,0.29024,0.28275,0.33716,0.2984,0.21382,0.27552,0.3159,0.27361,0.32329,0.307,0.25891,0.31763,0.25784,0.36511,0.32475,0.31314,0.26311,0.33027,0.30375,0.24275,0.26599,0.34237,0.28681,0.27035,0.24419,0.25566,0.29057,0.29318,0.22893,0.2806,0.25517,0.23554,0.21854,0.21979,0.22781,0.19034,0.23003,0.18025,0.21625,0.16995,0.19799,0.18282,0.21418,0.19859,0.18666,0.20036,0.15919,0.1765,0.20465,0.16313,0.18513,0.23561,0.18338,0.21132,0.16002,0.17124,0.18144,0.18896,0.17595,0.16019,0.15004,0.20753,0.21349,0.23478,0.14699,0.20866,0.18588,0.18731,0.16362,0.18733,0.25434,0.24448,0.21059,0.20922,0.19976,0.20133,0.25698,0.33755,0.23328,0.21038,0.27999,0.21853,0.19049,0.15846,0.23076,0.287,0.26135,0.28871,0.17856,0.20366,0.23709,0.22636,0.20107,0.20501,0.26557,0.22592,0.20722,0.17448,0.22075,0.25686,0.20417,0.25591,0.4132,0.38666,0.22116,0.26615,0.33878,0.29558],