{"config":{"arm":"weight_decay","loss":"ce","epochs":160,"batch":128,"lr":0.1,"weight_decay":0.0005,"seed":1,"smoke":false},"metrics":{"ep_train_loss":[1.7126,1.2063,0.91891,0.74192,0.63515,0.56492,0.52486,0.49625,0.4751,0.45837,0.44516,0.43579,0.42726,0.40633,0.40793,0.39625,0.38926,0.38822,0.37793,0.37087,0.37649,0.3669,0.36278,0.3647,0.35729,0.35602,0.35176,0.35103,0.35306,0.34414,0.35043,0.34717,0.33901,0.34874,0.33364,0.33488,0.33936,0.33532,0.33571,0.33164,0.33276,0.33041,0.32474,0.32677,0.33166,0.3318,0.32686,0.32797,0.32513,0.32744,0.31777,0.32561,0.32986,0.32628,0.32339,0.32051,0.32761,0.32855,0.31911,0.32502,0.3199,0.32501,0.32314,0.32229,0.32193,0.32111,0.31638,0.32356,0.31439,0.31498,0.31893,0.3147,0.31325,0.31768,0.32109,0.31359,0.31418,0.31953,0.31081,0.31674,0.16512,0.11797,0.097678,0.086391,0.075025,0.067545,0.057173,0.054729,0.049461,0.045958,0.042578,0.038108,0.037925,0.035513,0.03363,0.03186,0.033825,0.033289,0.03255,0.029865,0.032013,0.031587,0.03105,0.030903,0.033457,0.035737,0.035656,0.034821,0.035579,0.038314,0.040428,0.037241,0.039648,0.045757,0.038946,0.04146,0.043264,0.042862,0.04031,0.045146,0.022637,0.012786,0.011063,0.0087115,0.0074341,0.0068175,0.0068719,0.005953,0.0059059,0.0058008,0.0051647,0.0050015,0.0044717,0.0043743,0.0041406,0.0043593,0.0036931,0.0038342,0.0035255,0.0035059,0.0037435,0.0036251,0.0033555,0.0030272,0.0032314,0.0031034,0.0030874,0.0029285,0.0029877,0.002872,0.0029401,0.002709,0.0029498,0.0028841,0.0028811,0.0025917,0.0025896,0.0024845,0.0024505,0.002627],"ep_train_err":[0.62562,0.43666,0.3268,0.25923,0.222,0.19581,0.17961,0.17075,0.16362,0.15625,0.15192,0.1483,0.14615,0.13794,0.13862,0.13454,0.13486,0.13187,0.1275,0.12726,0.12736,0.12492,0.12362,0.1247,0.12081,0.12149,0.12023,0.11905,0.12033,0.11575,0.11897,0.11747,0.11512,0.11861,0.11474,0.11386,0.11591,0.11504,0.11322,0.11402,0.1141,0.11236,0.11028,0.11132,0.11164,0.11216,0.11344,0.11068,0.11082,0.11044,0.10799,0.11026,0.11212,0.10962,0.1106,0.10833,0.11208,0.11102,0.10743,0.1108,0.10755,0.11006,0.10831,0.10996,0.10883,0.10857,0.10685,0.10968,0.10579,0.10787,0.10763,0.10637,0.10679,0.10751,0.10849,0.10653,0.10701,0.10781,0.10543,0.10783,0.054127,0.040184,0.032652,0.028586,0.02484,0.022095,0.01857,0.017829,0.016546,0.014964,0.014002,0.01264,0.01246,0.011298,0.010857,0.009976,0.010917,0.010857,0.010857,0.0094952,0.010377,0.009996,0.010136,0.010236,0.010837,0.011859,0.011859,0.011318,0.011619,0.01272,0.012981,0.01244,0.013041,0.015565,0.01258,0.013562,0.014303,0.014163,0.013421,0.014924,0.0066306,0.0031851,0.0026042,0.0018029,0.0013421,0.0013421,0.0013421,0.00094151,0.00092147,0.00098157,0.00086138,0.00088141,0.00072115,0.0005609,0.00058093,0.00076122,0.00036058,0.00066106,0.00034054,0.00036058,0.0005008,0.00040064,0.00028045,0.00028045,0.00040064,0.00026042,0.00034054,0.00018029,0.00032051,0.00026042,0.00032051,0.00018029,0.00034054,0.00030048,0.00036058,0.00018029,0.00020032,0.00012019,8.0128e-05,0.00018029],"ep_test_acc":[0.442,0.625,0.6845,0.7167,0.7383,0.7126,0.7512,0.7929,0.7786,0.8223,0.8139,0.8216,0.8002,0.7925,0.816,0.817,0.8287,0.8113,0.8158,0.8489,0.8117,0.7544,0.8533,0.7757,0.8532,0.8314,0.8289,0.8214,0.81,0.8218,0.7677,0.7834,0.8406,0.8213,0.8531,0.8421,0.8518,0.8516,0.8258,0.8222,0.8486,0.8236,0.8575,0.7675,0.8251,0.8383,0.844,0.8325,0.8322,0.8442,0.8188,0.8294,0.8177,0.8514,0.8548,0.815,0.8359,0.8007,0.8484,0.8494,0.8371,0.8445,0.8369,0.8024,0.8418,0.8468,0.8353,0.8229,0.8247,0.8232,0.8372,0.8357,0.8564,0.7919,0.8223,0.8492,0.8164,0.8197,0.826,0.8336,0.9312,0.9361,0.9395,0.9402,0.9418,0.9396,0.9395,0.9421,0.9431,0.9416,0.9367,0.9417,0.9386,0.9387,0.9409,0.9393,0.9404,0.936,0.9354,0.9387,0.9399,0.9378,0.935,0.934,0.9275,0.9316,0.9287,0.9374,0.9363,0.9294,0.9368,0.9316,0.9299,0.9244,0.9248,0.9242,0.9286,0.9191,0.9298,0.9287,0.9455,0.9461,0.9477,0.9467,0.9477,0.9483,0.9484,0.95,0.9502,0.9502,0.9495,0.951,0.9506,0.9501,0.9509,0.9514,0.951,0.95,0.9506,0.9511,0.9505,0.9512,0.9514,0.9506,0.951,0.9509,0.9516,0.9504,0.9497,0.9511,0.9504,0.9514,0.9504,0.9512,0.9511,0.9509,0.9502,0.9504,0.9507,0.9512],"ep_test_ece":[0.11139,0.045242,0.047697,0.057645,0.062682,0.10077,0.057182,0.048884,0.065915,0.026888,0.023164,0.025653,0.054226,0.0548,0.019392,0.044197,0.056789,0.048459,0.034298,0.022504,0.059459,0.099651,0.024509,0.09151,0.026799,0.047515,0.031812,0.058875,0.053847,0.052718,0.082844,0.055236,0.044942,0.052159,0.027713,0.032326,0.039004,0.031173,0.040062,0.051206,0.027115,0.03981,0.039441,0.090566,0.05699,0.037519,0.036925,0.045177,0.042869,0.026751,0.048759,0.040127,0.050527,0.022574,0.019953,0.067776,0.041002,0.051602,0.037264,0.022598,0.042855,0.040919,0.039735,0.055182,0.038625,0.037259,0.044483,0.052516,0.050017,0.06543,0.044767,0.050512,0.026248,0.079894,0.050186,0.036609,0.042958,0.051569,0.072221,0.049184,0.013932,0.014879,0.017668,0.021842,0.020154,0.023589,0.025851,0.024305,0.022806,0.025835,0.031039,0.0271,0.030705,0.030827,0.029091,0.031634,0.030336,0.033388,0.033651,0.033758,0.030345,0.033505,0.034537,0.035128,0.039933,0.03796,0.039073,0.033165,0.032367,0.037642,0.030038,0.036114,0.038324,0.040188,0.041375,0.04204,0.036522,0.043038,0.034956,0.037101,0.027428,0.028493,0.027314,0.028872,0.028754,0.028508,0.028957,0.028798,0.027222,0.027196,0.028632,0.027421,0.028193,0.028613,0.028512,0.027561,0.028053,0.028912,0.027979,0.027651,0.028583,0.02812,0.027713,0.028698,0.02865,0.02845,0.027932,0.028799,0.029658,0.028795,0.028898,0.028101,0.029746,0.028542,0.02845,0.029024,0.029245,0.02935,0.029371,0.028897],"ep_rho_logit":[0.26952,0.21879,0.16925,0.2912,0.23871,0.31261,0.22158,0.32427,0.22566,0.2777,0.2716,0.35354,0.24849,0.43776,0.18277,0.25307,0.27504,0.36162,0.25191,0.2796,0.33133,0.34061,0.22807,0.34087,0.31375,0.35992,0.25381,0.32442,0.26444,0.28758,0.40384,0.32926,0.24637,0.27489,0.35588,0.2238,0.29913,0.29837,0.26427,0.30972,0.28514,0.25617,0.39865,0.31475,0.34767,0.26918,0.27583,0.27812,0.32383,0.28061,0.31131,0.25155,0.24586,0.27808,0.25469,0.29217,0.33602,0.25429,0.31094,0.28336,0.2477,0.27252,0.28371,0.26469,0.28834,0.28345,0.24336,0.2352,0.261,0.32511,0.23789,0.27077,0.28034,0.30371,0.25734,0.38746,0.28279,0.20611,0.29744,0.22846,0.26907,0.21467,0.24395,0.24326,0.19966,0.21673,0.21147,0.22093,0.16007,0.15959,0.22832,0.20128,0.17815,0.16895,0.18577,0.18864,0.17798,0.14997,0.146,0.14681,0.17816,0.18229,0.2086,0.17226,0.17607,0.16823,0.14992,0.16622,0.19789,0.14936,0.16832,0.17148,0.17379,0.17778,0.14622,0.15267,0.17837,0.16687,0.17891,0.16627,0.18086,0.24769,0.2539,0.20199,0.31502,0.23513,0.21307,0.26086,0.29864,0.20767,0.31757,0.284,0.25677,0.24277,0.20978,0.29666,0.24447,0.26946,0.22759,0.26549,0.22872,0.16182,0.24999,0.26559,0.23104,0.25706,0.18851,0.22029,0.22686,0.22137,0.28608,0.27923,0.29135,0.20375,0.20592,0.23998,0.21684,0.27986,0.25487],