{"config":{"arm":"weight_decay","loss":"ce","epochs":160,"batch":128,"lr":0.1,"weight_decay":0.0005,"seed":0,"smoke":false},"metrics":{"ep_train_loss":[2.1017,1.511,1.2313,1.028,0.87126,0.7562,0.66117,0.60017,0.55424,0.52741,0.49635,0.48534,0.45984,0.44726,0.43823,0.42281,0.41397,0.40483,0.40222,0.39701,0.38596,0.38468,0.37603,0.37715,0.37251,0.36548,0.3655,0.36255,0.36208,0.35161,0.35239,0.35171,0.34831,0.35209,0.35076,0.34357,0.35235,0.34065,0.33951,0.34498,0.33988,0.33563,0.33774,0.32752,0.33551,0.33511,0.3338,0.33172,0.3324,0.32672,0.32907,0.32451,0.33066,0.32654,0.3277,0.32798,0.32684,0.31927,0.32309,0.32259,0.32288,0.32887,0.32034,0.31809,0.32593,0.31619,0.32249,0.32352,0.31921,0.31923,0.31935,0.31494,0.31406,0.31585,0.31071,0.32179,0.31463,0.31607,0.31937,0.31437,0.16433,0.11521,0.10058,0.08665,0.073228,0.066992,0.0588,0.053121,0.048785,0.043254,0.03988,0.039119,0.035514,0.032557,0.031203,0.030483,0.031633,0.033637,0.028695,0.032559,0.032159,0.031509,0.032142,0.03253,0.029379,0.032957,0.037752,0.03641,0.030886,0.034358,0.038026,0.039035,0.03751,0.038993,0.041163,0.037778,0.037732,0.042193,0.045746,0.045582,0.022748,0.013329,0.010352,0.0093,0.0082205,0.0069567,0.0066329,0.0061467,0.0053071,0.0052711,0.0048718,0.0045992,0.0042226,0.0042385,0.00439,0.0039612,0.0038305,0.0036091,0.0040595,0.0033967,0.003364,0.0033553,0.0031833,0.0032285,0.0031653,0.0033793,0.0029418,0.0029125,0.0027688,0.0029538,0.0029483,0.0029386,0.0027547,0.0026202,0.0026003,0.0028019,0.0025887,0.0026443,0.0026143,0.002599],"ep_train_err":[0.74365,0.55691,0.44625,0.36761,0.30607,0.26542,0.22893,0.20725,0.1899,0.18227,0.17159,0.16597,0.15749,0.15329,0.15012,0.14505,0.14147,0.13914,0.13712,0.1348,0.13267,0.13183,0.12819,0.12887,0.12688,0.12418,0.12318,0.12312,0.1242,0.11973,0.11985,0.11977,0.11949,0.11711,0.12055,0.11771,0.11995,0.11438,0.11589,0.11843,0.11641,0.1142,0.11456,0.11102,0.11364,0.1132,0.11386,0.11312,0.1134,0.1126,0.11302,0.10988,0.11192,0.11026,0.1113,0.11136,0.11128,0.10861,0.11062,0.10907,0.10978,0.11064,0.10988,0.10779,0.11078,0.10711,0.10931,0.11124,0.10783,0.10865,0.10889,0.10733,0.10651,0.10713,0.10497,0.10966,0.10605,0.10713,0.10791,0.10665,0.054327,0.03774,0.032612,0.028506,0.023578,0.022376,0.018329,0.017528,0.015825,0.013602,0.0128,0.012941,0.011558,0.010557,0.0099359,0.0095753,0.010116,0.011198,0.0092348,0.010557,0.010216,0.010096,0.011098,0.010777,0.0091947,0.010176,0.012159,0.011799,0.0095753,0.011478,0.01224,0.01248,0.012139,0.01242,0.013221,0.01252,0.011979,0.014022,0.015365,0.014423,0.0069111,0.0033454,0.0021635,0.0019631,0.0016627,0.0012019,0.001222,0.0010016,0.00082131,0.00078125,0.00062099,0.00060096,0.00034054,0.00054087,0.00062099,0.00042067,0.00040064,0.00036058,0.00054087,0.00026042,0.00034054,0.00034054,0.00020032,0.00028045,0.00026042,0.00032051,0.00022035,0.00030048,0.00026042,0.00022035,0.00030048,0.00026042,0.00024038,0.00018029,0.00018029,0.00022035,0.00012019,0.00016026,0.00020032,0.00022035],"ep_test_acc":[0.3918,0.5046,0.5834,0.6183,0.6845,0.711,0.7449,0.7622,0.7886,0.7768,0.7511,0.8141,0.8007,0.8111,0.7986,0.8232,0.8084,0.79,0.8171,0.8134,0.7875,0.8311,0.83,0.7793,0.7739,0.8183,0.8325,0.8421,0.8326,0.8215,0.8538,0.8484,0.8275,0.8428,0.8451,0.7794,0.8626,0.8007,0.8469,0.8596,0.8418,0.8255,0.8287,0.7863,0.8108,0.8463,0.8053,0.8234,0.8291,0.8374,0.8321,0.8464,0.8623,0.8352,0.8031,0.8287,0.8448,0.8563,0.8204,0.8393,0.8334,0.7976,0.817,0.8431,0.8106,0.8033,0.8072,0.8289,0.8323,0.8446,0.8596,0.8111,0.8588,0.8568,0.8524,0.8126,0.8466,0.8577,0.7419,0.8349,0.931,0.9357,0.9353,0.939,0.9405,0.9402,0.939,0.9393,0.9393,0.9392,0.939,0.9377,0.9402,0.9386,0.9378,0.9418,0.9382,0.9377,0.9339,0.9311,0.936,0.9369,0.9333,0.9336,0.9325,0.9265,0.9331,0.9326,0.9357,0.9321,0.9259,0.9291,0.9304,0.9336,0.9252,0.9214,0.9281,0.9341,0.931,0.9306,0.9439,0.9458,0.9462,0.9461,0.9451,0.9474,0.9469,0.9471,0.9476,0.9479,0.9482,0.9489,0.949,0.9488,0.9486,0.9498,0.948,0.9487,0.9484,0.9488,0.9502,0.949,0.9488,0.9492,0.9491,0.9503,0.9494,0.9492,0.949,0.9496,0.9492,0.9497,0.9499,0.9502,0.9505,0.9502,0.9507,0.9494,0.9504,0.9499],"ep_test_ece":[0.040217,0.012007,0.030514,0.08166,0.044121,0.063885,0.063206,0.063095,0.030821,0.042468,0.093794,0.021052,0.031512,0.036615,0.030615,0.032022,0.034353,0.068841,0.049458,0.046815,0.043774,0.043312,0.044696,0.06056,0.078807,0.050979,0.031355,0.022912,0.022372,0.057219,0.032195,0.03476,0.041015,0.038678,0.042182,0.070634,0.0099436,0.075248,0.03723,0.028394,0.036376,0.030616,0.038912,0.068992,0.054176,0.03505,0.068547,0.050805,0.033575,0.045955,0.048303,0.039263,0.021619,0.035301,0.088299,0.040383,0.042157,0.030221,0.057558,0.037901,0.046225,0.064909,0.049899,0.049704,0.056822,0.042827,0.066952,0.045477,0.041593,0.031124,0.03078,0.057455,0.029944,0.03204,0.029918,0.064662,0.049981,0.022225,0.1038,0.033204,0.011436,0.015313,0.017755,0.018732,0.019575,0.020365,0.024569,0.025452,0.026258,0.027627,0.028133,0.029635,0.028243,0.029922,0.032087,0.030304,0.030745,0.032961,0.034339,0.037368,0.033259,0.03308,0.035314,0.033023,0.036186,0.039444,0.035332,0.03383,0.032886,0.034629,0.040755,0.03495,0.034658,0.035602,0.039349,0.042463,0.037267,0.032728,0.034046,0.03277,0.0263,0.02732,0.028628,0.02864,0.030113,0.028349,0.028696,0.029164,0.028591,0.02863,0.028512,0.02817,0.028644,0.028849,0.029461,0.02786,0.029841,0.028522,0.029328,0.029004,0.028446,0.028974,0.029361,0.028806,0.029148,0.027916,0.029409,0.029056,0.029079,0.028571,0.029259,0.028787,0.028865,0.029012,0.028199,0.028475,0.028186,0.029105,0.027852,0.028591],"ep_rho_logit":[0.31799,0.23393,0.2659,0.28338,0.22315,0.21947,0.28122,0.29706,0.38423,0.2615,0.29001,0.26834,0.2855,0.30387,0.22594,0.33709,0.3296,0.34995,0.30528,0.3326,0.20682,0.26763,0.31168,0.29978,0.26375,0.25194,0.31889,0.36498,0.24713,0.26066,0.2244,0.33323,0.30397,0.24088,0.30751,0.27922,0.25349,0.26308,0.28202,0.28078,0.30133,0.29408,0.28369,0.34755,0.32188,0.34279,0.36767,0.32796,0.2277,0.26011,0.21676,0.33029,0.29114,0.28605,0.31188,0.31163,0.24858,0.27855,0.32412,0.2432,0.32809,0.2791,0.30591,0.30393,0.37248,0.29242,0.32173,0.28661,0.32379,0.23189,0.35705,0.23775,0.28694,0.2768,0.33509,0.33463,0.2994,0.32533,0.31848,0.24727,0.28088,0.2696,0.23466,0.22399,0.21644,0.21131,0.24731,0.19924,0.18199,0.18934,0.17349,0.19414,0.18783,0.1824,0.17453,0.20225,0.14861,0.16781,0.15602,0.16277,0.19273,0.17958,0.16103,0.21399,0.18729,0.16941,0.1806,0.16383,0.19415,0.1791,0.21871,0.1913,0.19871,0.17309,0.16593,0.17139,0.21154,0.1649,0.208,0.19748,0.25893,0.23496,0.19262,0.23957,0.18785,0.22902,0.21583,0.18119,0.15685,0.22608,0.19251,0.2059,0.21903,0.23905,0.29569,0.30767,0.27214,0.23716,0.29616,0.21199,0.17644,0.28443,0.23222,0.21114,0.30157,0.26431,0.32321,0.27422,0.2258,0.17291,0.26292,0.24631,0.29523,0.23275,0.16044,0.21902,0.2328,0.2894,0.36533],