{"config":{"arm":"constrained","optimizer":"sgd","seed":1,"epochs":100,"lr":0.03,"batch":128,"hidden":64,"out":"results/e2b_lr/","threads":1},"metrics":{"ep_loss":[262.66,263.05,263.04,263.04,263.03,263.03,263.03,263.03,263.04,263.03,263.03,263.03,263.04,263.04,263.03,263.03,263.04,263.03,263.03,263.03,263.02,263.03,263.04,263.03,263.03,263.01,263.03,263.03,263.02,263.03,263.03,263.02,263.02,263.02,263.03,263.03,263.03,263.03,263.03,263.02,263.02,263.02,263.02,263.03,263.02,263.03,263.03,263.01,263.03,263.03,263.02,263.03,263.03,263.02,263.02,263.03,263.02,263.02,263.02,263.03,263.03,263.02,263.01,263.03,263.04,263.03,263.02,263.03,263.03,263.03,263.01,263.04,263.02,263.03,263.04,263.02,263.02,263.03,263.03,263.03,263.02,263.03,263.02,263.01,263.03,263.03,263.03,263.02,263.04,263.02,263.03,263.03,263.03,263.02,263.04,263.03,263.02,263.03,263.03,263.03],"ep_lse":[-526.33,-526.74,-526.78,-526.8,-526.81,-526.84,-526.86,-526.87,-526.9,-526.93,-526.94,-526.95,-526.98,-526.99,-526.98,-527.01,-526.98,-527.01,-527.01,-527.02,-527.04,-527.02,-527.05,-527.08,-527.09,-527.11,-527.16,-527.1,-527.15,-527.18,-527.15,-527.17,-527.18,-527.18,-527.21,-527.2,-527.19,-527.17,-527.19,-527.19,-527.19,-527.2,-527.2,-527.18,-527.19,-527.22,-527.16,-527.19,-527.2,-527.19,-527.2,-527.2,-527.19,-527.2,-527.18,-527.18,-527.2,-527.2,-527.21,-527.21,-527.18,-527.17,-527.19,-527.19,-527.19,-527.18,-527.2,-527.16,-527.18,-527.19,-527.22,-527.18,-527.2,-527.18,-527.19,-527.16,-527.2,-527.2,-527.18,-527.21,-527.19,-527.19,-527.17,-527.19,-527.17,-527.19,-527.19,-527.19,-527.19,-527.18,-527.2,-527.2,-527.2,-527.22,-527.17,-527.17,-527.15,-527.21,-527.18,-527.19],"ep_var":[785.17,789.33,789.33,789.34,789.34,789.35,789.36,789.37,789.39,789.41,789.43,789.44,789.46,789.46,789.45,789.48,789.46,789.49,789.48,789.5,789.52,789.51,789.55,789.59,789.59,789.62,789.66,789.62,789.66,789.69,789.66,789.68,789.69,789.7,789.72,789.72,789.71,789.68,789.71,789.7,789.7,789.7,789.71,789.7,789.7,789.74,789.66,789.69,789.71,789.69,789.71,789.71,789.71,789.71,789.69,789.69,789.71,789.72,789.72,789.72,789.7,789.69,789.69,789.7,789.71,789.7,789.7,789.67,789.69,789.71,789.72,789.69,789.7,789.7,789.71,789.66,789.71,789.72,789.69,789.73,789.7,789.71,789.68,789.7,789.67,789.7,789.7,789.7,789.7,789.69,789.72,789.71,789.71,789.73,789.69,789.69,789.66,789.72,789.69,789.71],"ep_tc":[3.8293,0.46701,0.49186,0.49621,0.4958,0.52213,0.53399,0.52925,0.54564,0.55697,0.54089,0.54398,0.55621,0.56679,0.55404,0.55706,0.56093,0.55794,0.54964,0.54874,0.5442,0.54345,0.53971,0.52769,0.52735,0.50899,0.52228,0.52199,0.5097,0.51468,0.51693,0.51595,0.51599,0.51316,0.52332,0.513,0.51743,0.51767,0.51506,0.51222,0.51283,0.52403,0.51036,0.51202,0.51061,0.50992,0.52589,0.50759,0.51403,0.52275,0.51354,0.51945,0.50694,0.51209,0.51721,0.5107,0.51414,0.50714,0.51342,0.51923,0.51219,0.51222,0.5102,0.51926,0.51843,0.51492,0.51601,0.5141,0.5178,0.51633,0.50966,0.52322,0.51277,0.51625,0.51769,0.51659,0.51341,0.51495,0.52653,0.50787,0.51926,0.50921,0.51548,0.50846,0.51961,0.51789,0.51359,0.51563,0.52109,0.51888,0.51527,0.51797,0.51777,0.51507,0.51481,0.52003,0.51482,0.51118,0.51725,0.50949],"ep_wb_norm":[4.6217,4.6217,4.6217,4.6217,4.6217,4.6217,4.6217,4.6217,4.6217,4.6217,4.6217,4.6217,4.6217,4.6217,4.6217,4.6217,4.6217,4.6217,4.6217,4.6217,4.6217,4.6217,4.6217,4.6217,4.6217,4.6217,4.6217,4.6217,4.6217,4.6217,4.6217,4.6217,4.6217,4.6217,4.6217,4.6217,4.6217,4.6217,4.6217,4.6217,4.6217,4.6217,4.6217,4.6217,4.6217,4.6217,4.6217,4.6217,4.6217,4.6217,4.6217,4.6217,4.6217,4.6217,4.6217,4.6217,4.6217,4.6217,4.6217,4.6217,4.6217,4.6217,4.6217,4.6217,4.6217,4.6217,4.6217,4.6217,4.6217,4.6217,4.6217,4.6217,4.6217,4.6217,4.6217,4.6217,4.6217,4.6217,4.6217,4.6217,4.6217,4.6217,4.6217,4.6217,4.6217,4.6217,4.6217,4.6217,4.6217,4.6217,4.6217,4.6217,4.6217,4.6217,4.6217,4.6217,4.6217,4.6217,4.6217,4.6217],"ep_rho_disp_joint":[0.50011,0.0070939,0.0015855,0.00099445,0.0014532,0.0012895,0.0012404,0.0012378,0.0013914,0.0011839,0.0010239,0.00097198,0.0010362,0.0011191,0.0010869,0.0010371,0.0011591,0.0011484,0.00094629,0.0011481,0.0011039,0.0013698,0.0013664,0.0010896,0.0010604,0.0011656,0.0011836,0.0011679,0.00097349,0.0010068,0.0010795,0.0011101,0.0011694,0.0013267,0.001437,0.001088,0.00098634,0.0010143,0.0011575,0.0011417,0.0010902,0.0011285,0.0010317,0.0011233,0.00097733,0.00096661,0.0011994,0.00099994,0.0011291,0.001112,0.0010109,0.00096704,0.0012667,0.0010466,0.0010048,0.00093779,0.001132,0.001213,0.0011423,0.0011141,0.0011155,0.0010139,0.0010466,0.0012708,0.0011483,0.0011354,0.0010584,0.001029,0.0012277,0.0012778,0.0012594,0.0010178,0.0010423,0.0011617,0.001157,0.0010604,0.00096165,0.0011355,0.0010362,0.00092799,0.0012462,0.0010139,0.0011085,0.0010703,0.001081,0.0010687,0.000937,0.0011705,0.0012361,0.0010873,0.00098712,0.00096094,0.0012227,0.0012718,0.0012448,0.0010756,0.0012386,0.0014206,0.0013916,0.0012312]},"probe_acc":0.6796000003814697}