{"config":{"arm":"constrained","optimizer":"sgd","seed":3,"epochs":100,"lr":0.03,"batch":128,"hidden":64,"out":"results/e2b_lr/","threads":1},"metrics":{"ep_loss":[249.27,249.64,249.58,249.53,249.55,249.54,249.55,249.54,249.55,249.55,249.54,249.54,249.55,249.54,249.54,249.55,249.54,249.53,249.53,249.54,249.53,249.53,249.54,249.55,249.54,249.55,249.55,249.55,249.55,249.53,249.53,249.54,249.54,249.53,249.53,249.54,249.53,249.54,249.55,249.55,249.54,249.53,249.55,249.54,249.54,249.55,249.54,249.55,249.54,249.55,249.54,249.54,249.53,249.55,249.54,249.55,249.55,249.55,249.55,249.54,249.54,249.54,249.55,249.54,249.54,249.53,249.53,249.53,249.54,249.54,249.53,249.55,249.53,249.54,249.54,249.54,249.53,249.55,249.53,249.54,249.55,249.53,249.55,249.54,249.54,249.54,249.54,249.55,249.53,249.55,249.54,249.54,249.55,249.54,249.55,249.55,249.55,249.55,249.53,249.54],"ep_lse":[-526.96,-527.56,-527.54,-527.47,-527.44,-527.46,-527.45,-527.47,-527.48,-527.45,-527.45,-527.45,-527.46,-527.47,-527.44,-527.45,-527.46,-527.45,-527.45,-527.44,-527.43,-527.45,-527.44,-527.44,-527.44,-527.46,-527.47,-527.44,-527.45,-527.46,-527.47,-527.45,-527.44,-527.46,-527.43,-527.45,-527.46,-527.46,-527.44,-527.45,-527.45,-527.46,-527.45,-527.43,-527.46,-527.43,-527.45,-527.44,-527.46,-527.46,-527.44,-527.46,-527.47,-527.45,-527.46,-527.46,-527.45,-527.44,-527.44,-527.47,-527.46,-527.44,-527.45,-527.44,-527.45,-527.44,-527.45,-527.44,-527.44,-527.45,-527.45,-527.43,-527.47,-527.46,-527.46,-527.43,-527.45,-527.45,-527.44,-527.46,-527.46,-527.45,-527.45,-527.47,-527.46,-527.45,-527.44,-527.44,-527.45,-527.46,-527.45,-527.44,-527.44,-527.46,-527.46,-527.45,-527.47,-527.44,-527.46,-527.47],"ep_var":[772.13,776.31,776.29,776.28,776.28,776.29,776.29,776.3,776.31,776.29,776.27,776.29,776.29,776.29,776.26,776.29,776.29,776.28,776.28,776.28,776.26,776.27,776.28,776.28,776.28,776.29,776.3,776.29,776.29,776.29,776.28,776.29,776.27,776.27,776.26,776.28,776.28,776.28,776.29,776.29,776.27,776.29,776.29,776.27,776.3,776.27,776.28,776.29,776.29,776.29,776.28,776.28,776.29,776.28,776.28,776.29,776.28,776.28,776.28,776.29,776.28,776.27,776.3,776.28,776.29,776.27,776.28,776.28,776.27,776.29,776.28,776.27,776.29,776.29,776.29,776.27,776.28,776.28,776.28,776.29,776.29,776.27,776.3,776.29,776.28,776.29,776.27,776.27,776.27,776.29,776.27,776.27,776.28,776.29,776.29,776.29,776.3,776.27,776.29,776.3],"ep_tc":[4.0908,0.89145,0.82438,0.72462,0.70782,0.70277,0.70557,0.71818,0.71708,0.71253,0.71571,0.70365,0.71395,0.70932,0.72152,0.70859,0.71694,0.70399,0.70191,0.71096,0.70975,0.702,0.70625,0.71032,0.70516,0.7147,0.71641,0.70306,0.71351,0.70087,0.72372,0.70785,0.71034,0.71957,0.70584,0.70613,0.70416,0.71153,0.70495,0.70592,0.71504,0.70485,0.70923,0.70887,0.70054,0.70825,0.70795,0.69494,0.71141,0.71865,0.70622,0.71212,0.71047,0.71226,0.71363,0.71771,0.71747,0.70934,0.70449,0.71348,0.71441,0.70861,0.6951,0.70406,0.70279,0.7,0.69813,0.69001,0.70049,0.70292,0.70962,0.71264,0.71475,0.71063,0.70728,0.70575,0.69838,0.70942,0.68884,0.71196,0.71885,0.7064,0.71103,0.71419,0.7198,0.7079,0.70917,0.71823,0.71547,0.71484,0.71564,0.70484,0.7136,0.70552,0.71686,0.70963,0.71596,0.71743,0.70662,0.7115],"ep_wb_norm":[4.6361,4.6361,4.6361,4.6361,4.6361,4.6361,4.6361,4.6361,4.6361,4.6361,4.6361,4.6361,4.6361,4.6361,4.6361,4.6361,4.6361,4.6361,4.6361,4.6361,4.6361,4.6361,4.6361,4.6361,4.6361,4.6361,4.6361,4.6361,4.6361,4.6361,4.6361,4.6361,4.6361,4.6361,4.6361,4.6361,4.6361,4.6361,4.6361,4.6361,4.6361,4.6361,4.6361,4.6361,4.6361,4.6361,4.6361,4.6361,4.6361,4.6361,4.6361,4.6361,4.6361,4.6361,4.6361,4.6361,4.6361,4.6361,4.6361,4.6361,4.6361,4.6361,4.6361,4.6361,4.6361,4.6361,4.6361,4.6361,4.6361,4.6361,4.6361,4.6361,4.6361,4.6361,4.6361,4.6361,4.6361,4.6361,4.6361,4.6361,4.6361,4.6361,4.6361,4.6361,4.6361,4.6361,4.6361,4.6361,4.6361,4.6361,4.6361,4.6361,4.6361,4.6361,4.6361,4.6361,4.6361,4.6361,4.6361,4.6361],"ep_rho_disp_joint":[0.49508,0.014396,0.008433,0.0022231,0.0014809,0.0013199,0.0014729,0.0012753,0.001327,0.0013437,0.0012905,0.0015417,0.001333,0.0013305,0.0013347,0.0013559,0.0012904,0.0013609,0.0012718,0.0011934,0.0012822,0.0012332,0.0013668,0.0013746,0.0013713,0.0013097,0.001557,0.0014914,0.0012803,0.0013571,0.0013215,0.0013293,0.0015318,0.0015942,0.0013272,0.0014458,0.0013488,0.0015675,0.0015414,0.0015636,0.0016431,0.0012467,0.0011921,0.0015532,0.0013073,0.0013384,0.0013305,0.00124,0.0011971,0.0013713,0.0013827,0.0014455,0.0013216,0.0013455,0.0015135,0.0013266,0.001292,0.0012787,0.0011726,0.0011842,0.0012847,0.0013439,0.001461,0.0014451,0.0014667,0.0013678,0.0012732,0.0011891,0.0015083,0.0016151,0.0012377,0.0012028,0.00136,0.0012598,0.0012201,0.0014552,0.0014849,0.0012689,0.0013378,0.0015838,0.0013747,0.0013987,0.0014027,0.0015411,0.0011986,0.0013442,0.0016248,0.0016561,0.0015806,0.0012978,0.0012568,0.0013691,0.0012539,0.0011785,0.0013844,0.0014278,0.0015045,0.0013773,0.0012608,0.0013824]},"probe_acc":0.7321000099182129}