{"config":{"arm":"constrained","optimizer":"sgd","seed":1,"epochs":100,"lr":0.1,"batch":128,"hidden":64,"out":"results/e2b_lr/","threads":1},"metrics":{"ep_loss":[251.64,249.69,249.69,249.69,249.67,249.68,249.69,249.68,249.69,249.69,249.69,249.69,249.7,249.7,249.68,249.69,249.7,249.68,249.68,249.69,249.67,249.68,249.7,249.69,249.69,249.67,249.69,249.69,249.68,249.69,249.69,249.69,249.68,249.68,249.7,249.69,249.68,249.69,249.68,249.67,249.68,249.69,249.68,249.69,249.68,249.69,249.68,249.67,249.69,249.69,249.68,249.68,249.68,249.67,249.68,249.69,249.68,249.68,249.67,249.68,249.7,249.68,249.67,249.69,249.7,249.69,249.68,249.69,249.68,249.69,249.67,249.71,249.68,249.69,249.7,249.67,249.68,249.69,249.7,249.68,249.69,249.68,249.69,249.67,249.68,249.69,249.68,249.69,249.69,249.68,249.69,249.69,249.69,249.68,249.68,249.69,249.68,249.68,249.69,249.68],"ep_lse":[-526.22,-526.83,-526.78,-526.75,-526.75,-526.76,-526.75,-526.78,-526.79,-526.77,-526.74,-526.78,-526.78,-526.75,-526.78,-526.76,-526.75,-526.8,-526.78,-526.74,-526.76,-526.73,-526.77,-526.76,-526.73,-526.77,-526.8,-526.73,-526.75,-526.8,-526.76,-526.76,-526.78,-526.78,-526.8,-526.78,-526.78,-526.76,-526.77,-526.78,-526.76,-526.76,-526.76,-526.81,-526.79,-526.77,-526.74,-526.78,-526.78,-526.74,-526.79,-526.75,-526.75,-526.76,-526.78,-526.8,-526.79,-526.8,-526.76,-526.79,-526.78,-526.78,-526.77,-526.76,-526.8,-526.79,-526.76,-526.74,-526.78,-526.78,-526.77,-526.75,-526.82,-526.77,-526.78,-526.76,-526.76,-526.8,-526.78,-526.79,-526.75,-526.79,-526.74,-526.79,-526.78,-526.78,-526.76,-526.8,-526.76,-526.74,-526.78,-526.77,-526.77,-526.81,-526.75,-526.75,-526.76,-526.77,-526.78,-526.8],"ep_var":[773.59,775.81,775.8,775.77,775.75,775.76,775.75,775.78,775.8,775.78,775.76,775.79,775.81,775.77,775.78,775.77,775.77,775.8,775.78,775.75,775.75,775.74,775.78,775.78,775.75,775.78,775.81,775.75,775.76,775.81,775.78,775.78,775.78,775.79,775.81,775.8,775.78,775.76,775.78,775.78,775.76,775.77,775.77,775.83,775.8,775.78,775.74,775.78,775.8,775.75,775.8,775.76,775.77,775.76,775.77,775.81,775.79,775.81,775.76,775.8,775.8,775.79,775.77,775.78,775.81,775.8,775.76,775.75,775.79,775.79,775.77,775.77,775.82,775.78,775.79,775.76,775.77,775.8,775.79,775.8,775.76,775.79,775.75,775.79,775.78,775.8,775.77,775.8,775.78,775.74,775.79,775.79,775.77,775.82,775.76,775.77,775.76,775.77,775.79,775.8],"ep_tc":[4.2752,0.70224,0.67208,0.6695,0.67523,0.67432,0.68859,0.67792,0.67693,0.68227,0.67301,0.67575,0.67367,0.67927,0.67742,0.68065,0.68453,0.67415,0.67822,0.67674,0.67843,0.67081,0.69243,0.66774,0.67183,0.65645,0.6761,0.67249,0.66673,0.67495,0.67338,0.67509,0.67787,0.66715,0.68892,0.67144,0.68395,0.6883,0.67459,0.67018,0.67621,0.68246,0.67167,0.67024,0.66938,0.67599,0.68003,0.67436,0.67425,0.67718,0.67728,0.67267,0.66749,0.67892,0.68593,0.67338,0.6727,0.66912,0.67783,0.67266,0.68423,0.67433,0.66882,0.67308,0.68627,0.67948,0.67152,0.68363,0.67131,0.67741,0.67297,0.68638,0.67269,0.67974,0.68133,0.67455,0.66937,0.68147,0.68411,0.66957,0.68047,0.68028,0.67438,0.67332,0.68195,0.67538,0.6698,0.68064,0.67508,0.67765,0.67611,0.66924,0.68179,0.67389,0.67167,0.67574,0.67246,0.68244,0.68129,0.67345],"ep_wb_norm":[4.6217,4.6217,4.6217,4.6217,4.6217,4.6217,4.6217,4.6217,4.6217,4.6217,4.6217,4.6217,4.6217,4.6217,4.6217,4.6217,4.6217,4.6217,4.6217,4.6217,4.6217,4.6217,4.6217,4.6217,4.6217,4.6217,4.6217,4.6217,4.6217,4.6217,4.6217,4.6217,4.6217,4.6217,4.6217,4.6217,4.6217,4.6217,4.6217,4.6217,4.6217,4.6217,4.6217,4.6217,4.6217,4.6217,4.6217,4.6217,4.6217,4.6217,4.6217,4.6217,4.6217,4.6217,4.6217,4.6217,4.6217,4.6217,4.6217,4.6217,4.6217,4.6217,4.6217,4.6217,4.6217,4.6217,4.6217,4.6217,4.6217,4.6217,4.6217,4.6217,4.6217,4.6217,4.6217,4.6217,4.6217,4.6217,4.6217,4.6217,4.6217,4.6217,4.6217,4.6217,4.6217,4.6217,4.6217,4.6217,4.6217,4.6217,4.6217,4.6217,4.6217,4.6217,4.6217,4.6217,4.6217,4.6217,4.6217,4.6217],"ep_rho_disp_joint":[0.49853,0.012853,0.0068344,0.0061966,0.0070765,0.0065567,0.0065418,0.0066788,0.0072001,0.0064198,0.006122,0.0056414,0.0065844,0.0064513,0.0052191,0.0061215,0.0054496,0.005545,0.0049556,0.0055813,0.0051683,0.006589,0.0057229,0.0058715,0.0058794,0.0054123,0.006165,0.0057791,0.0051875,0.0057715,0.005506,0.0062697,0.0062542,0.0066312,0.0061897,0.0058799,0.0064378,0.0072211,0.0059887,0.005997,0.0068067,0.0065083,0.0059318,0.006459,0.0050558,0.0057571,0.0084925,0.0066924,0.0079655,0.0056705,0.0057267,0.0063036,0.0060317,0.0065249,0.0062327,0.0059901,0.0053294,0.004936,0.0050837,0.0054863,0.0069369,0.0055013,0.0055682,0.0067305,0.0056622,0.0060204,0.0055105,0.0062904,0.005982,0.0071723,0.0077847,0.0050722,0.0046422,0.0056963,0.007053,0.0052594,0.0061311,0.0066496,0.0060142,0.0049612,0.0056221,0.0060039,0.0055895,0.0055592,0.005776,0.0060759,0.0053931,0.0051219,0.005428,0.0061172,0.0048947,0.0066004,0.006084,0.0065417,0.0074639,0.0053884,0.0057965,0.0059716,0.0071133,0.00796]},"probe_acc":0.7512000203132629}